Activity Type,Date,Favorite,Title,Distance,Calories,Time,Avg HR,Max HR,Avg Run Cadence,Max Run Cadence,Avg Pace,Best Pace,Total Ascent,Total Descent,Avg Stride Length,Avg Vertical Ratio,Avg Vertical Oscillation,Avg Ground Contact Time,Avg Run Cadence,Max Run Cadence,Training Stress ScoreÂ®,Avg Power,Max Power,Grit,Flow,Avg. Swolf,Avg Stroke Rate,Total Reps,Dive Time,Min Temp,Surface Interval,Decompression,Best Lap Time,Number of Laps,Max Temp,Moving Time,Elapsed Time,Min Elevation,Max Elevation
Running,2022-10-05 16:10:00,false,"Natal Running","6,74","570","00:44:10","0","0","0","0","6:33","--","--","--","0,00","0,0","0,0","0","0","0","0,0","0","0","0,0","0,0","0","0","0","0:00","0,0","0:00","No","44:10.00","1","0,0","00:00:00","00:44:10","--","--"
Running,2022-09-12 16:49:14,false,"Running","7,78","574","00:46:47","163","178","154","175","6:01","4:16","--","--","1,07","0,0","0,0","0","0","0","0,0","0","0","0,0","0,0","0","0","0","0:00","0,0","0:00","No","02:00.00","11","0,0","00:45:16","00:46:47","--","--"
Running,2022-09-08 17:17:26,false,"Running","6,32","483","00:43:37","152","175","134","245","6:54","2:59","--","--","1,10","0,0","0,0","0","0","0","0,0","0","0","0,0","0,0","0","0","0","0:00","0,0","0:00","No","01:00.33.3","15","0,0","00:37:26","00:44:05","--","--"
Running,2022-09-06 11:15:26,false,"Running","0,00","--","00:00:02,8","0","0","--","--","--","--","--","--","0,00","0,0","0,0","0","0","0","0,0","0","0","0,0","0,0","0","0","0","0:00","0,0","0:00","No","00:02.75","1","0,0","00:00:00","00:00:02,8","--","--"
Running,2022-09-05 16:46:57,false,"Running","8,48","667","00:53:27","159","174","150","174","6:18","4:21","--","--","1,05","0,0","0,0","0","0","0","0,0","0","0","0,0","0,0","0","0","0","0:00","0,0","0:00","No","01:06.56.4","11","0,0","00:51:30","00:53:41","--","--"
Running,2022-09-01 16:44:26,false,"Running","6,22","508","00:42:47","150","173","136","239","6:52","3:21","--","--","1,04","0,0","0,0","0","0","0","0,0","0","0","0,0","0,0","0","0","0","0:00","0,0","0:00","No","01:01.03.3","16","0,0","00:40:10","00:42:47","--","--"
Running,2022-08-30 17:21:21,false,"Running","7,52","607","00:51:50","149","175","139","236","6:53","3:15","--","--","1,03","0,0","0,0","0","0","0","0,0","0","0","0,0","0,0","0","0","0","0:00","0,0","0:00","No","01:00.84.9","14","0,0","00:48:13","00:51:50","--","--"
Running,2022-08-27 17:25:41,false,"Running","5,51","459","00:36:10","158","173","148","176","6:34","4:16","--","--","1,02","0,0","0,0","0","0","0","0,0","0","0","0,0","0,0","0","0","0","0:00","0,0","0:00","No","03:06.04.6","7","0,0","00:34:32","00:36:10","--","--"
Running,2022-08-24 16:59:56,false,"Running","6,93","538","00:38:57","166","175","164","170","5:37","4:31","--","--","1,08","0,0","0,0","0","0","0","0,0","0","0","0,0","0,0","0","0","0","0:00","0,0","0:00","No","05:22.79.6","7","0,0","00:38:55","00:38:57","--","--"
Running,2022-08-22 16:49:16,false,"Running","5,81","504","00:37:38","0","0","146","169","6:29","4:22","--","--","1,05","0,0","0,0","0","0","0","0,0","0","0","0,0","0,0","0","0","0","0:00","0,0","0:00","No","00:05.87","8","0,0","00:37:37","00:37:38","--","--"
Running,2022-08-22 13:30:41,false,"Running","0,01","--","00:00:13,8","0","0","--","--","40:51","2:57","--","--","0,00","0,0","0,0","0","0","0","0,0","0","0","0,0","0,0","0","0","0","0:00","0,0","0:00","No","00:13.82.9","1","0,0","00:00:00","00:00:13,8","84","84"
Running,2022-08-18 16:26:57,false,"Running","4,78","264","00:50:45","103","116","98","121","10:37","8:19","--","--","0,96","0,0","0,0","0","0","0","0,0","0","0","0,0","0,0","0","0","0","0:00","0,0","0:00","No","50:45.24.9","1","0,0","00:47:45","00:50:45","--","--"
Running,2022-08-16 17:16:29,false,"Natal Running","7,16","559","00:47:00","158","176","146","172","6:34","4:24","14","9","1,04","0,0","0,0","0","0","0","0,0","0","0","0,0","0,0","0","0","0","0:00","0,0","0:00","No","01:00.84.5","33","0,0","00:45:55","00:47:14","40","51"
Running,2022-08-15 17:01:53,false,"Running","6,49","559","00:46:28","154","178","133","233","7:10","3:23","--","--","1,02","0,0","0,0","0","0","0","0,0","0","0","0,0","0,0","0","0","0","0:00","0,0","0:00","No","02:01.11","11","0,0","00:43:22","00:46:28","--","--"
Running,2022-08-11 19:39:01,false,"Running","0,00","--","00:00:06,1","0","0","--","--","--","--","--","--","0,00","0,0","0,0","0","0","0","0,0","0","0","0,0","0,0","0","0","0","0:00","0,0","0:00","No","00:06.12.3","1","0,0","00:00:00","00:00:10,3","--","--"
Running,2022-08-11 17:34:15,false,"Running","7,44","681","00:52:22","164","180","137","229","7:02","3:47","--","--","1,01","0,0","0,0","0","0","0","0,0","0","0","0,0","0,0","0","0","0","0:00","0,0","0:00","No","00:04.22.3","9","0,0","00:47:11","00:52:22","--","--"
Running,2022-08-08 16:38:38,false,"Running","7,89","673","00:59:28","148","174","133","238","7:32","3:23","--","--","0,98","0,0","0,0","0","0","0","0,0","0","0","0,0","0,0","0","0","0","0:00","0,0","0:00","No","01:33.57.9","16","0,0","00:55:49","00:59:28","--","--"
Running,2022-08-04 16:46:24,false,"Running","7,69","660","00:52:11","159","173","143","176","6:47","4:19","--","--","1,01","0,0","0,0","0","0","0","0,0","0","0","0,0","0,0","0","0","0","0:00","0,0","0:00","No","00:07.66.3","16","0,0","00:50:34","00:52:11","--","--"
Running,2022-08-03 16:04:57,false,"Running","4,92","478","00:41:42","148","179","114","190","8:29","4:02","--","--","0,99","0,0","0,0","0","0","0","0,0","0","0","0,0","0,0","0","0","0","0:00","0,0","0:00","No","01:01.10.4","15","0,0","00:34:53","00:41:42","--","--"
Running,2022-08-01 16:25:58,false,"Running","5,35","464","00:39:15","149","176","135","189","7:21","3:48","--","--","0,99","0,0","0,0","0","0","0","0,0","0","0","0,0","0,0","0","0","0","0:00","0,0","0:00","No","02:00.95.4","10","0,0","00:37:48","00:39:29","--","--"
Running,2022-07-28 16:04:06,false,"Running","6,66","629","00:50:46","154","184","129","167","7:38","4:25","--","--","0,99","0,0","0,0","0","0","0","0,0","0","0","0,0","0,0","0","0","0","0:00","0,0","0:00","No","00:45.63.9","17","0,0","00:48:29","00:50:46","--","--"
Running,2022-07-26 16:45:55,false,"Running","4,23","376","00:36:23","141","179","120","167","8:37","4:26","--","--","0,94","0,0","0,0","0","0","0","0,0","0","0","0,0","0,0","0","0","0","0:00","0,0","0:00","No","00:58.57.5","15","0,0","00:33:09","00:36:23","--","--"
Running,2022-07-25 16:39:42,false,"Running","4,87","445","00:40:39","142","174","120","170","8:21","4:36","--","--","0,98","0,0","0,0","0","0","0","0,0","0","0","0,0","0,0","0","0","0","0:00","0,0","0:00","No","01:09.05.6","11","0,0","00:37:06","00:40:39","--","--"
Running,2022-07-19 16:50:46,false,"Running","4,63","387","00:40:37","131","167","119","167","8:47","4:26","--","--","0,93","0,0","0,0","0","0","0","0,0","0","0","0,0","0,0","0","0","0","0:00","0,0","0:00","No","00:36.14","16","0,0","00:38:27","00:40:37","--","--"
Running,2022-05-11 16:18:11,false,"Running","6,22","594","00:48:39","154","178","128","168","7:49","4:35","--","--","0,97","0,0","0,0","0","0","0","0,0","0","0","0,0","0,0","0","0","0","0:00","0,0","0:00","No","01:00.76.3","22","0,0","00:44:34","00:48:39","--","--"
Running,2022-05-09 17:45:04,false,"Running","5,98","525","00:44:06","149","176","134","167","7:23","4:30","--","--","0,99","0,0","0,0","0","0","0","0,0","0","0","0,0","0,0","0","0","0","0:00","0,0","0:00","No","00:04.50","21","0,0","00:42:18","00:44:06","--","--"
Running,2022-02-03 17:23:50,false,"Running","5,61","473","00:36:34","161","173","143","167","6:31","4:32","--","--","1,03","0,0","0,0","0","0","0","0,0","0","0","0,0","0,0","0","0","0","0:00","0,0","0:00","No","00:03.59.6","11","0,0","00:33:30","00:37:01","--","--"
Running,2022-02-02 17:21:20,false,"Running","4,65","391","00:34:08","147","178","129","226","7:21","3:15","--","--","1,02","0,0","0,0","0","0","0","0,0","0","0","0,0","0,0","0","0","0","0:00","0,0","0:00","No","00:06.58.1","18","0,0","00:32:20","00:34:08","--","--"
Running,2022-02-01 17:07:06,false,"Running","5,41","446","00:34:59","158","175","147","170","6:28","4:21","--","--","1,03","0,0","0,0","0","0","0","0,0","0","0","0,0","0,0","0","0","0","0:00","0,0","0:00","No","01:59.31.3","10","0,0","00:34:35","00:34:59","--","--"
Running,2022-02-01 16:55:32,false,"Running","1,00","85","00:10:05","118","128","112","133","10:05","7:40","--","--","0,89","0,0","0,0","0","0","0","0,0","0","0","0,0","0,0","0","0","0","0:00","0,0","0:00","No","10:05.15.6","1","0,0","00:09:31","00:10:05","--","--"
Running,2022-01-31 17:00:21,false,"Running","6,75","568","00:52:45","145","175","125","241","7:49","3:14","--","--","0,98","0,0","0,0","0","0","0","0,0","0","0","0,0","0,0","0","0","0","0:00","0,0","0:00","No","01:30.75.7","17","0,0","00:47:48","00:52:45","--","--"
Running,2022-01-25 17:14:20,false,"Running","6,61","552","00:48:03","149","176","136","168","7:16","4:34","--","--","0,98","0,0","0,0","0","0","0","0,0","0","0","0,0","0,0","0","0","0","0:00","0,0","0:00","No","01:59.03.8","12","0,0","00:45:56","00:48:03","--","--"
Running,2022-01-24 17:06:59,false,"Running","6,35","573","00:51:59","144","177","122","170","8:11","4:32","--","--","0,97","0,0","0,0","0","0","0","0,0","0","0","0,0","0,0","0","0","0","0:00","0,0","0:00","No","00:48.68.7","17","0,0","00:46:17","00:52:55","--","--"
Running,2022-01-20 17:18:29,false,"Running","4,32","397","00:36:45","147","179","120","176","8:30","4:18","--","--","0,94","0,0","0,0","0","0","0","0,0","0","0","0,0","0,0","0","0","0","0:00","0,0","0:00","No","01:00.92.3","13","0,0","00:35:07","00:36:45","--","--"
Running,2022-01-19 16:46:29,false,"Running","7,36","660","00:55:23","153","186","132","170","7:31","4:28","--","--","0,97","0,0","0,0","0","0","0","0,0","0","0","0,0","0,0","0","0","0","0:00","0,0","0:00","No","02:30.59.5","13","0,0","00:53:17","00:55:23","--","--"
Running,2022-01-18 16:57:04,false,"Running","6,41","546","00:54:23","137","173","121","167","8:29","4:38","--","--","0,94","0,0","0,0","0","0","0","0,0","0","0","0,0","0,0","0","0","0","0:00","0,0","0:00","No","01:31.07.7","15","0,0","00:51:57","00:54:23","--","--"
Running,2022-01-17 16:59:48,false,"Running","6,50","534","00:55:54","135","172","120","167","8:36","4:34","--","--","0,94","0,0","0,0","0","0","0","0,0","0","0","0,0","0,0","0","0","0","0:00","0,0","0:00","No","01:30.47.3","15","0,0","00:51:35","00:56:05","--","--"
Running,2021-11-04 18:00:11,false,"Running","6,80","510","00:39:42","159","177","152","170","5:50","4:11","--","--","1,11","0,0","0,0","0","0","0","0,0","0","0","0,0","0,0","0","0","0","0:00","0,0","0:00","No","01:57.64.7","10","0,0","00:39:01","00:40:00","--","--"
Running,2021-10-25 17:14:10,false,"Running","6,83","504","00:38:38","162","176","155","249","5:39","3:29","--","--","1,13","0,0","0,0","0","0","0","0,0","0","0","0,0","0,0","0","0","0","0:00","0,0","0:00","No","02:02.66","9","0,0","00:37:56","00:39:38","--","--"
Running,2021-10-20 18:51:59,false,"Running","6,70","451","00:44:27","138","171","139","176","6:38","3:57","--","--","1,06","0,0","0,0","0","0","0","0,0","0","0","0,0","0,0","0","0","0","0:00","0,0","0:00","No","00:51.81.2","12","0,0","00:42:00","00:44:27","--","--"
Running,2021-10-19 16:25:18,false,"Running","6,08","476","00:37:55","157","175","148","241","6:14","3:03","--","--","1,06","0,0","0,0","0","0","0","0,0","0","0","0,0","0,0","0","0","0","0:00","0,0","0:00","No","01:31.28","11","0,0","00:36:18","00:37:55","--","--"
Running,2021-10-14 16:48:44,false,"Running","8,83","684","00:53:13","163","180","153","170","6:02","4:23","--","--","1,07","0,0","0,0","0","0","0","0,0","0","0","0,0","0,0","0","0","0","0:00","0,0","0:00","No","02:29.87.1","11","0,0","00:52:05","00:53:13","--","--"
Running,2021-10-12 16:47:29,false,"Running","7,45","544","00:51:07","141","190","137","169","6:52","4:21","--","--","1,04","0,0","0,0","0","0","0","0,0","0","0","0,0","0,0","0","0","0","0:00","0,0","0:00","No","01:25.47.5","11","0,0","00:49:11","00:51:07","--","--"
Running,2021-10-02 16:46:57,false,"Running","8,23","653","00:58:37","146","173","139","170","7:07","4:38","--","--","0,98","0,0","0,0","0","0","0","0,0","0","0","0,0","0,0","0","0","0","0:00","0,0","0:00","No","03:25.38.8","9","0,0","00:54:46","00:58:37","--","--"
Running,2021-09-21 17:01:26,false,"Running","4,73","412","00:38:05","152","178","116","169","8:03","4:21","--","--","1,03","0,0","0,0","0","0","0","0,0","0","0","0,0","0,0","0","0","0","0:00","0,0","0:00","No","00:45.65.7","9","0,0","00:31:05","00:38:05","--","--"
Running,2021-09-14 17:24:24,false,"Running","4,69","348","00:28:31","155","173","147","169","6:05","4:27","--","--","1,11","0,0","0,0","0","0","0","0,0","0","0","0,0","0,0","0","0","0","0:00","0,0","0:00","No","03:04.63.9","6","0,0","00:27:14","00:29:29","--","--"
Running,2021-09-13 17:33:04,false,"Running","6,57","520","00:39:19","164","175","151","169","5:59","4:26","--","--","1,09","0,0","0,0","0","0","0","0,0","0","0","0,0","0,0","0","0","0","0:00","0,0","0:00","No","01:02.31.7","10","0,0","00:38:17","00:39:19","--","--"
Running,2021-09-10 16:40:54,false,"Running","6,73","522","00:50:28","144","174","132","169","7:30","4:22","--","--","0,98","0,0","0,0","0","0","0","0,0","0","0","0,0","0,0","0","0","0","0:00","0,0","0:00","No","02:30.64.7","11","0,0","00:49:28","00:50:46","--","--"
Running,2021-09-09 17:01:44,false,"Running","6,22","538","00:40:27","165","184","144","190","6:30","4:23","--","--","1,05","0,0","0,0","0","0","0","0,0","0","0","0,0","0,0","0","0","0","0:00","0,0","0:00","No","02:00.85","13","0,0","00:39:35","00:41:09","--","--"
Running,2021-09-08 16:28:50,false,"Running","5,98","482","00:43:20","148","183","132","172","7:15","4:18","--","--","1,01","0,0","0,0","0","0","0","0,0","0","0","0,0","0,0","0","0","0","0:00","0,0","0:00","No","00:34.07.8","16","0,0","00:41:22","00:44:52","--","--"
Running,2021-09-02 16:33:21,false,"Running","5,49","482","00:46:53","145","178","126","169","8:33","5:33","--","--","0,90","0,0","0,0","0","0","0","0,0","0","0","0,0","0,0","0","0","0","0:00","0,0","0:00","No","01:12.65.1","17","0,0","00:44:30","00:46:58","--","--"
Running,2021-07-24 17:07:19,false,"Natal Running","6,56","494","00:37:03","166","180","167","175","5:39","5:13","31","30","1,06","0,0","0,0","0","0","0","0,0","0","0","0,0","0,0","0","0","0","0:00","0,0","0:00","No","03:22.16.4","7","0,0","00:36:54","00:37:32","39","51"
Running,2021-07-21 16:31:11,false,"Natal Running","8,17","637","00:51:18","162","184","147","179","6:17","4:23","59","58","1,06","0,0","0,0","0","0","0","0,0","0","0","0,0","0,0","0","0","0","0:00","0,0","0:00","No","02:00.00","15","0,0","00:49:35","01:01:52","40","52"
Running,2021-07-19 16:33:09,false,"Natal Running","9,56","728","00:54:46","168","178","166","177","5:44","5:08","61","60","1,05","0,0","0,0","0","0","0","0,0","0","0","0,0","0,0","0","0","0","0:00","0,0","0:00","No","04:08.94.7","10","0,0","00:54:31","00:59:42","37","52"
Running,2021-07-16 16:34:04,false,"Natal Running","11,08","889","01:12:01","165","184","145","220","6:30","4:53","82","81","1,05","0,0","0,0","0","0","0","0,0","0","0","0,0","0,0","0","0","0","0:00","0,0","0:00","No","00:18.94.1","29","0,0","01:11:20","01:12:13","36","57"
Running,2021-07-14 16:20:09,false,"Natal Running","5,00","398","00:31:54","164","181","152","174","6:23","5:12","21","16","1,03","0,0","0,0","0","0","0","0,0","0","0","0,0","0,0","0","0","0","0:00","0,0","0:00","No","00:02.53.6","6","0,0","00:31:49","00:33:46","37","51"
Running,2021-07-12 16:53:08,false,"Natal Running","5,07","394","00:28:15","171","183","165","172","5:34","5:01","16","18","1,09","0,0","0,0","0","0","0","0,0","0","0","0,0","0,0","0","0","0","0:00","0,0","0:00","No","00:28.97.8","6","0,0","00:28:10","00:29:47","40","52"
Running,2021-07-07 16:49:29,false,"Natal Running","6,62","508","00:40:04","165","185","153","236","6:03","4:42","31","30","1,07","0,0","0,0","0","0","0","0,0","0","0","0,0","0,0","0","0","0","0:00","0,0","0:00","No","00:04.02.6","13","0,0","00:39:57","00:54:11","40","52"
Running,2021-07-05 16:29:03,false,"Natal Running","6,94","575","00:43:43","168","185","149","174","6:18","2:34","43","42","1,06","0,0","0,0","0","0","0","0,0","0","0","0,0","0,0","0","0","0","0:00","0,0","0:00","No","05:17.68.4","7","0,0","00:42:40","00:45:35","36","52"
Running,2021-06-23 16:33:50,false,"Natal Running","8,83","690","00:50:03","169","182","166","179","5:40","5:02","40","39","1,07","0,0","0,0","0","0","0","0,0","0","0","0,0","0,0","0","0","0","0:00","0,0","0:00","No","00:03.31.5","11","0,0","00:49:41","00:54:57","37","52"
Running,2021-06-21 16:33:50,false,"Natal Running","10,51","821","01:00:01","168","180","166","233","5:43","5:03","27","33","1,05","0,0","0,0","0","0","0","0,0","0","0","0,0","0,0","0","0","0","0:00","0,0","0:00","No","00:01.20","13","0,0","00:59:30","01:07:58","40","59"
Running,2021-06-18 16:44:35,false,"Natal Running","10,51","833","01:00:02","169","179","166","175","5:43","5:06","53","52","1,05","0,0","0,0","0","0","0","0,0","0","0","0,0","0,0","0","0","0","0:00","0,0","0:00","No","00:01.94.7","13","0,0","00:59:46","01:02:22","37","52"
Running,2021-06-16 16:41:50,false,"Natal Running","7,52","604","00:46:06","165","183","150","179","6:08","4:17","55","55","1,08","0,0","0,0","0","0","0","0,0","0","0","0,0","0,0","0","0","0","0:00","0,0","0:00","No","00:05.55.6","15","0,0","00:45:48","00:46:41","40","52"
Running,2021-06-14 16:46:50,false,"Natal Running","9,48","770","00:55:05","169","179","162","174","5:48","4:58","68","67","1,05","0,0","0,0","0","0","0","0,0","0","0","0,0","0,0","0","0","0","0:00","0,0","0:00","No","00:05.28.1","11","0,0","00:54:23","01:00:26","37","52"
Running,2021-06-08 16:28:33,false,"Natal Running","9,38","751","00:55:02","166","180","166","177","5:52","5:18","30","30","1,03","0,0","0,0","0","0","0","0,0","0","0","0,0","0,0","0","0","0","0:00","0,0","0:00","No","00:01.85.3","11","0,0","00:54:47","00:57:48","39","51"
Running,2021-06-02 16:41:34,false,"Natal Running","8,34","681","00:57:48","159","182","139","181","6:56","4:41","42","38","1,01","0,0","0,0","0","0","0","0,0","0","0","0,0","0,0","0","0","0","0:00","0,0","0:00","No","01:48.43.3","16","0,0","00:52:41","00:57:59","40","52"
Running,2021-05-31 16:29:44,false,"Natal Running","9,43","761","00:55:05","167","180","167","177","5:50","5:14","57","55","1,02","0,0","0,0","0","0","0","0,0","0","0","0,0","0,0","0","0","0","0:00","0,0","0:00","No","00:04.60.5","11","0,0","00:54:42","00:58:20","37","52"
Running,2021-05-29 16:40:40,false,"Natal Running","4,56","339","00:42:48","122","144","133","170","9:24","6:47","25","20","0,81","0,0","0,0","0","0","0","0,0","0","0","0,0","0,0","0","0","0","0:00","0,0","0:00","No","00:07.28.1","7","0,0","00:42:47","00:42:48","40","52"
Running,2021-05-28 16:49:46,false,"Natal Running","7,04","554","00:40:12","166","177","166","175","5:43","5:07","50","48","1,05","0,0","0,0","0","0","0","0,0","0","0","0,0","0,0","0","0","0","0:00","0,0","0:00","No","00:13.58.8","8","0,0","00:39:54","00:43:28","40","52"
Running,2021-05-26 17:07:04,false,"Natal Running","6,51","514","00:41:26","157","180","145","179","6:22","4:04","22","20","1,08","0,0","0,0","0","0","0","0,0","0","0","0,0","0,0","0","0","0","0:00","0,0","0:00","No","00:00.16.7","21","0,0","00:40:24","00:41:28","40","51"
Running,2021-05-25 16:35:12,false,"Natal Running","6,07","479","00:34:33","167","180","168","175","5:42","5:17","26","26","1,05","0,0","0,0","0","0","0","0,0","0","0","0,0","0,0","0","0","0","0:00","0,0","0:00","No","00:26.23.6","7","0,0","00:34:24","00:35:09","40","51"
Running,2021-05-21 16:16:50,false,"Macau Running","7,59","632","00:45:41","168","179","167","177","6:01","5:25","7","11","1,00","0,0","0,0","0","0","0","0,0","0","0","0,0","0,0","0","0","0","0:00","0,0","0:00","No","03:37.71.6","8","0,0","00:45:33","00:50:23","-3","7"
Running,2021-05-18 16:35:03,false,"Macau Running","8,74","703","00:55:31","161","183","147","212","6:21","4:41","11","14","1,07","0,0","0,0","0","0","0","0,0","0","0","0,0","0,0","0","0","0","0:00","0,0","0:00","No","00:03.13.4","16","0,0","00:53:15","00:55:31","-4","6"
Running,2021-05-17 16:17:32,false,"Macau Running","6,76","563","00:44:01","163","179","153","245","6:31","5:28","11","11","0,99","0,0","0,0","0","0","0","0,0","0","0","0,0","0,0","0","0","0","0:00","0,0","0:00","No","03:23.30.9","8","0,0","00:44:00","00:44:01","-4","6"
Running,2021-05-13 16:08:29,false,"Macau Running","10,09","826","00:59:49","167","179","168","177","5:56","5:38","12","14","1,00","0,0","0,0","0","0","0","0,0","0","0","0,0","0,0","0","0","0","0:00","0,0","0:00","No","00:35.61.1","11","0,0","00:59:47","00:59:49","-6","6"
Running,2021-05-11 16:20:53,false,"Macau Running","8,15","661","00:52:55","161","181","149","216","6:30","4:34","9","13","1,02","0,0","0,0","0","0","0","0,0","0","0","0,0","0,0","0","0","0","0:00","0,0","0:00","No","00:08.97.3","17","0,0","00:51:57","00:52:55","--","6"
Running,2021-05-10 16:15:40,false,"Macau Running","7,78","633","00:49:22","165","179","159","187","6:21","5:21","10","11","0,99","0,0","0,0","0","0","0","0,0","0","0","0,0","0,0","0","0","0","0:00","0,0","0:00","No","02:24.34.5","9","0,0","00:48:56","00:50:28","-4","6"
Running,2021-05-06 17:01:00,false,"Natal Running","5,02","398","00:29:12","168","181","169","176","5:49","5:25","32","36","1,02","0,0","0,0","0","0","0","0,0","0","0","0,0","0,0","0","0","0","0:00","0,0","0:00","No","00:06.71","6","0,0","00:29:05","00:29:12","40","52"
Running,2021-05-05 16:45:14,false,"Natal Running","6,96","533","00:45:44","158","185","147","180","6:34","4:20","39","38","1,02","0,0","0,0","0","0","0","0,0","0","0","0,0","0,0","0","0","0","0:00","0,0","0:00","No","00:04.08","17","0,0","00:45:38","00:45:44","40","51"
Running,2021-05-03 16:29:01,false,"Natal Running","5,11","461","00:29:16","0","0","170","179","5:44","5:24","11","13","1,03","0,0","0,0","0","0","0","0,0","0","0","0,0","0,0","0","0","0","0:00","0,0","0:00","No","00:37.00.8","6","0,0","00:29:08","00:29:34","40","51"
Running,2021-04-30 16:25:52,false,"Natal Running","10,03","909","01:00:28","0","0","168","176","6:02","5:42","68","66","0,99","0,0","0,0","0","0","0","0,0","0","0","0,0","0,0","0","0","0","0:00","0,0","0:00","No","00:12.81.9","11","0,0","01:00:19","01:00:37","36","56"
Running,2021-04-28 16:22:08,false,"Natal Running","6,37","564","00:40:24","0","0","160","177","6:20","5:31","22","22","0,98","0,0","0,0","0","0","0","0,0","0","0","0,0","0,0","0","0","0","0:00","0,0","0:00","No","04:14.53.9","7","0,0","00:40:06","00:41:10","40","51"
Running,2021-04-27 16:15:07,false,"Natal Running","6,11","526","00:40:10","0","0","148","181","6:34","4:39","14","13","1,01","0,0","0,0","0","0","0","0,0","0","0","0,0","0,0","0","0","0","0:00","0,0","0:00","No","01:13.81.1","15","0,0","00:39:53","00:40:10","40","51"
Running,2021-04-26 16:39:51,false,"Natal Running","5,01","453","00:31:35","0","0","160","177","6:18","5:29","19","19","0,98","0,0","0,0","0","0","0","0,0","0","0","0,0","0,0","0","0","0","0:00","0,0","0:00","No","00:06.55.8","6","0,0","00:31:18","00:33:33","40","51"
Running,2021-04-23 16:20:33,false,"Natal Running","5,58","493","00:36:28","0","0","151","174","6:32","5:24","46","45","1,01","0,0","0,0","0","0","0","0,0","0","0","0,0","0,0","0","0","0","0:00","0,0","0:00","No","02:26.38.4","7","0,0","00:35:46","00:36:28","40","52"
Running,2021-04-21 16:35:19,false,"Natal Running","8,80","736","01:03:01","0","0","142","233","7:10","4:15","49","49","0,97","0,0","0,0","0","0","0","0,0","0","0","0,0","0,0","0","0","0","0:00","0,0","0:00","No","01:38.72.4","17","0,0","01:02:57","01:03:01","40","51"
Running,2021-04-20 16:25:31,false,"Natal Running","8,51","706","01:03:46","0","0","141","175","7:30","5:32","49","48","0,94","0,0","0,0","0","0","0","0,0","0","0","0,0","0,0","0","0","0","0:00","0,0","0:00","No","05:52.47.1","9","0,0","01:03:43","01:03:46","40","52"
Running,2021-04-19 16:13:04,false,"Natal Running","8,54","694","01:00:59","0","0","141","181","7:09","5:16","42","41","0,99","0,0","0,0","0","0","0","0,0","0","0","0,0","0,0","0","0","0","0:00","0,0","0:00","No","00:02.44.1","21","0,0","01:00:55","01:00:59","40","51"
Running,2021-04-01 07:55:45,false,"Natal Running","7,00","603","00:48:23","0","0","147","175","6:54","5:35","51","51","0,98","0,0","0,0","0","0","0","0,0","0","0","0,0","0,0","0","0","0","0:00","0,0","0:00","No","00:02.42.6","8","0,0","00:48:21","00:52:36","37","50"
Running,2021-03-30 07:53:46,false,"Natal Running","5,90","465","00:43:54","0","0","132","175","7:26","4:45","26","30","1,01","0,0","0,0","0","0","0","0,0","0","0","0,0","0,0","0","0","0","0:00","0,0","0:00","No","01:51.72.4","15","0,0","00:43:40","00:43:54","40","52"
Running,2021-03-28 09:11:19,false,"Natal Running","5,66","429","00:50:30","0","0","106","241","8:55","4:40","31","34","1,11","0,0","0,0","0","0","0","0,0","0","0","0,0","0,0","0","0","0","0:00","0,0","0:00","No","00:03.70.3","9","0,0","00:41:23","00:50:30","36","51"
Running,2021-03-02 16:44:15,false,"Natal Running","8,59","689","00:50:38","170","181","169","177","5:54","5:10","30","26","1,00","0,0","0,0","0","0","0","0,0","0","0","0,0","0,0","0","0","0","0:00","0,0","0:00","No","00:06.56","10","0,0","00:50:26","00:52:22","40","52"
Running,2021-02-28 16:59:31,false,"Natal Running","7,10","579","00:41:54","172","181","170","175","5:54","5:31","48","51","1,00","0,0","0,0","0","0","0","0,0","0","0","0,0","0,0","0","0","0","0:00","0,0","0:00","No","00:37.77.7","8","0,0","00:41:53","00:41:55","40","52"
Running,2021-02-25 16:42:24,false,"Natal Running","5,06","413","00:30:13","169","179","166","175","5:58","5:28","35","30","1,01","0,0","0,0","0","0","0","0,0","0","0","0,0","0,0","0","0","0","0:00","0,0","0:00","No","00:27.88.6","6","0,0","00:29:57","00:32:46","40","52"
Running,2021-02-23 16:45:23,false,"Natal Running","4,10","282","00:21:17","169","187","170","186","5:11","4:22","7","10","1,13","0,0","0,0","0","0","0","0,0","0","0","0,0","0,0","0","0","0","0:00","0,0","0:00","No","00:01.80","14","0,0","00:20:37","00:31:26","40","51"
Running,2021-02-22 16:43:55,false,"Natal Running","5,03","405","00:29:27","170","183","168","177","5:51","5:17","18","16","1,01","0,0","0,0","0","0","0","0,0","0","0","0,0","0,0","0","0","0","0:00","0,0","0:00","No","00:12.96.3","6","0,0","00:29:17","00:31:24","40","52"
Running,2021-02-11 16:23:20,false,"Natal Running","8,08","678","00:47:14","175","184","167","177","5:51","5:15","35","36","1,02","0,0","0,0","0","0","0","0,0","0","0","0,0","0,0","0","0","0","0:00","0,0","0:00","No","00:29.38.6","9","0,0","00:46:44","00:52:27","39","51"
Running,2021-02-08 16:56:21,false,"Natal Running","6,02","463","00:33:46","168","181","170","177","5:37","5:07","40","37","1,05","0,0","0,0","0","0","0","0,0","0","0","0,0","0,0","0","0","0","0:00","0,0","0:00","No","00:05.54.8","7","0,0","00:33:35","00:34:26","40","52"
Running,2021-02-04 16:27:22,false,"Natal Running","8,01","664","00:47:26","172","184","170","177","5:55","5:20","40","43","0,99","0,0","0,0","0","0","0","0,0","0","0","0,0","0,0","0","0","0","0:00","0,0","0:00","No","00:30.76.6","9","0,0","00:47:05","00:53:24","40","52"
Cardio,2021-01-29 16:14:21,false,"Cardio","0,00","234","00:25:04","132","155","0","0","--","--","--","--","0,00","0,0","0,0","0","0","0","0,0","0","0","0,0","0,0","0","0","0","0:00","0,0","0:00","No","00:33.81.2","13","0,0","00:00:00","00:25:30","44","44"
Running,2021-01-28 16:41:28,false,"Natal Running","9,93","839","01:00:01","170","184","171","181","6:03","5:33","52","56","0,97","0,0","0,0","0","0","0","0,0","0","0","0,0","0,0","0","0","0","0:00","0,0","0:00","No","00:01.44","11","0,0","00:59:25","01:02:23","36","56"
Cardio,2021-01-26 17:03:04,false,"Cardio","0,00","144","00:17:58","122","146","0","0","--","--","--","--","0,00","0,0","0,0","0","0","0","0,0","0","0","0,0","0,0","0","0","0","0:00","0,0","0:00","No","00:25.03","9","0,0","00:00:00","00:18:14","46","46"
Running,2021-01-25 16:45:57,false,"Natal Running","10,32","846","01:00:01","172","187","171","181","5:49","5:12","163","178","1,00","0,0","0,0","0","0","0","0,0","0","0","0,0","0,0","0","0","0","0:00","0,0","0:00","No","00:00.81.5","13","0,0","00:59:36","01:06:54","38","65"
Running,2021-01-21 16:36:08,false,"Natal Running","6,55","534","00:40:01","165","176","173","187","6:06","5:31","21","24","0,95","0,0","0,0","0","0","0","0,0","0","0","0,0","0,0","0","0","0","0:00","0,0","0:00","No","00:00.94.3","8","0,0","00:39:47","00:40:55","40","51"
Running,2021-01-20 16:39:17,false,"Natal Running","8,91","735","00:56:05","166","184","157","186","6:18","5:03","46","48","1,01","0,0","0,0","0","0","0","0,0","0","0","0,0","0,0","0","0","0","0:00","0,0","0:00","No","00:05.19.1","17","0,0","00:55:52","00:57:59","37","52"
Cardio,2021-01-19 15:57:10,false,"Cardio","0,00","272","00:35:39","120","160","0","0","--","--","--","--","0,00","0,0","0,0","0","0","0","0,0","0","0","0,0","0,0","0","0","0","0:00","0,0","0:00","No","00:02.20.6","2","0,0","00:00:00","00:35:39","51","51"
Running,2021-01-18 16:46:06,false,"Natal Running","9,52","788","00:55:01","173","184","172","189","5:47","5:03","42","40","1,01","0,0","0,0","0","0","0","0,0","0","0","0,0","0,0","0","0","0","0:00","0,0","0:00","No","00:00.69.8","11","0,0","00:54:32","01:00:30","40","52"
Running,2021-01-15 16:47:53,false,"Natal Running","7,47","644","00:46:33","0","0","157","183","6:14","5:05","44","44","1,01","0,0","0,0","0","0","0","0,0","0","0","0,0","0,0","0","0","0","0:00","0,0","0:00","No","01:30.69.8","13","0,0","00:46:15","00:48:49","39","52"
Running,2021-01-14 17:04:58,false,"Natal Running","8,02","722","00:47:05","0","0","168","181","5:52","5:11","50","51","1,02","0,0","0,0","0","0","0","0,0","0","0","0,0","0,0","0","0","0","0:00","0,0","0:00","No","00:12.42.5","9","0,0","00:46:01","00:48:32","37","52"
Running,2021-01-12 16:42:02,false,"Natal Running","5,01","449","00:28:49","0","0","170","185","5:45","5:12","26","28","1,03","0,0","0,0","0","0","0","0,0","0","0","0,0","0,0","0","0","0","0:00","0,0","0:00","No","00:04.23.1","6","0,0","00:28:31","00:28:49","40","52"
Running,2021-01-11 16:36:13,false,"Natal Running","8,01","660","00:55:23","0","0","142","177","6:55","4:59","35","38","1,00","0,0","0,0","0","0","0","0,0","0","0","0,0","0,0","0","0","0","0:00","0,0","0:00","No","00:05.96.2","15","0,0","00:55:13","00:55:23","40","52"
Running,2021-01-08 05:32:52,false,"Macau Running","1,81","94","00:06:42,5","0","0","3","105","3:43","1:14","4","6","86,10","0,0","0,0","0","0","0","0,0","0","0","0,0","0,0","0","0","0","0:00","0,0","0:00","No","02:01.85.2","2","0,0","00:04:37","00:14:04","--","7"
Running,2020-12-26 09:26:03,false,"Macau Running","5,02","450","00:29:54","0","0","167","179","5:58","0:36","7","4","1,00","0,0","0,0","0","0","0","0,0","0","0","0,0","0,0","0","0","0","0:00","0,0","0:00","No","00:07.98.6","6","0,0","00:29:27","00:34:21","1","6"
Running,2020-12-13 16:33:53,false,"Natal Running","11,79","1.026","01:15:02","0","0","154","183","6:22","4:55","39","36","1,02","0,0","0,0","0","0","0","0,0","0","0","0,0","0,0","0","0","0","0:00","0,0","0:00","No","00:01.61.6","21","0,0","01:12:57","01:15:02","40","51"
Running,2020-12-10 16:37:00,false,"Natal Running","9,71","843","01:01:22","0","0","155","183","6:19","4:59","38","38","1,02","0,0","0,0","0","0","0","0,0","0","0","0,0","0,0","0","0","0","0:00","0,0","0:00","No","00:00.14.9","23","0,0","01:00:36","01:01:22","40","52"
Running,2020-12-08 16:21:16,false,"Natal Running","8,72","780","00:50:02","0","0","172","183","5:44","5:13","31","31","1,01","0,0","0,0","0","0","0","0,0","0","0","0,0","0,0","0","0","0","0:00","0,0","0:00","No","00:01.54.1","19","0,0","00:49:52","00:50:02","40","51"
Running,2020-12-06 16:53:06,false,"Natal Running","10,40","937","01:00:03","0","0","172","183","5:47","5:16","43","44","1,01","0,0","0,0","0","0","0","0,0","0","0","0,0","0,0","0","0","0","0:00","0,0","0:00","No","00:02.47.6","13","0,0","01:00:01","01:00:03","40","52"
Running,2020-12-03 16:25:16,false,"Natal Running","6,55","579","00:39:42","0","0","159","179","6:03","5:09","19","29","1,03","0,0","0,0","0","0","0","0,0","0","0","0,0","0,0","0","0","0","0:00","0,0","0:00","No","01:00.00","14","0,0","00:39:12","00:39:42","40","59"
Running,2020-12-01 16:42:55,false,"Natal Running","9,07","813","00:55:01","0","0","163","238","6:04","5:12","34","34","1,01","0,0","0,0","0","0","0","0,0","0","0","0,0","0,0","0","0","0","0:00","0,0","0:00","No","00:00.64.7","23","0,0","00:54:59","00:55:01","40","51"
Running,2020-11-29 16:23:52,false,"Natal Running","4,62","413","00:28:39","0","0","165","181","6:12","5:25","9","10","0,97","0,0","0,0","0","0","0","0,0","0","0","0,0","0,0","0","0","0","0:00","0,0","0:00","No","02:01.02.7","7","0,0","00:28:31","00:28:39","39","50"
Running,2020-11-26 16:37:16,false,"Natal Running","8,02","720","00:52:04","0","0","157","177","6:29","5:27","31","28","0,98","0,0","0,0","0","0","0","0,0","0","0","0,0","0,0","0","0","0","0:00","0,0","0:00","No","00:05.46.7","13","0,0","00:50:49","00:52:04","37","53"
Running,2020-11-24 16:37:28,false,"Natal Running","7,44","645","00:45:18","0","0","156","188","6:06","4:47","33","29","1,04","0,0","0,0","0","0","0","0,0","0","0","0,0","0,0","0","0","0","0:00","0,0","0:00","No","00:08.41.3","17","0,0","00:44:58","00:45:18","40","51"
Running,2020-11-22 16:26:22,false,"Natal Running","6,36","554","00:42:02","0","0","152","179","6:36","5:19","20","23","0,99","0,0","0,0","0","0","0","0,0","0","0","0,0","0,0","0","0","0","0:00","0,0","0:00","No","00:21.59.9","12","0,0","00:41:18","00:42:02","39","51"
Running,2020-11-19 16:44:44,false,"Natal Running","5,08","438","00:34:13","0","0","154","183","6:44","5:05","27","25","0,97","0,0","0,0","0","0","0","0,0","0","0","0,0","0,0","0","0","0","0:00","0,0","0:00","No","00:40.25.5","7","0,0","00:33:51","00:34:13","40","51"
Running,2020-11-06 16:13:49,false,"Macau Running","7,36","638","00:43:43","173","185","169","181","5:56","5:19","13","17","1,00","0,0","0,0","0","0","0","0,0","0","0","0,0","0,0","0","0","0","0:00","0,0","0:00","No","02:43.41.9","9","0,0","00:43:11","00:43:43","--","7"
Running,2020-11-04 16:07:07,false,"Macau Running","8,58","738","00:51:47","171","187","164","243","6:02","5:11","15","19","1,01","0,0","0,0","0","0","0","0,0","0","0","0,0","0,0","0","0","0","0:00","0,0","0:00","No","00:01.85.6","17","0,0","00:51:34","00:51:47","--","6"
Running,2020-11-02 16:25:27,false,"Natal Running","9,14","817","00:58:30","169","187","159","188","6:24","5:02","44","46","0,98","0,0","0,0","0","0","0","0,0","0","0","0,0","0,0","0","0","0","0:00","0,0","0:00","No","00:54.54.1","23","0,0","00:57:48","00:58:30","40","58"
Running,2020-10-26 18:06:40,false,"Natal Running","9,01","699","00:55:01","159","175","159","225","6:07","4:13","46","42","1,03","0,0","0,0","0","0","0","0,0","0","0","0,0","0,0","0","0","0","0:00","0,0","0:00","No","00:01.23.3","28","0,0","00:54:39","00:55:01","40","52"
Running,2020-10-22 16:28:12,false,"Natal Running","9,76","801","01:02:11","163","181","157","190","6:22","4:46","33","33","1,00","0,0","0,0","0","0","0","0,0","0","0","0,0","0,0","0","0","0","0:00","0,0","0:00","No","00:01.06.5","25","0,0","01:02:07","01:02:11","40","51"
Running,2020-10-19 17:43:02,false,"Natal Running","9,37","750","00:57:02","163","175","167","186","6:05","5:11","23","22","0,98","0,0","0,0","0","0","0","0,0","0","0","0,0","0,0","0","0","0","0:00","0,0","0:00","No","00:01.62.3","26","0,0","00:56:48","00:57:02","40","51"
Running,2020-10-17 16:32:11,false,"Natal Running","11,94","932","01:15:01","161","173","161","238","6:17","5:04","34","34","0,98","0,0","0,0","0","0","0","0,0","0","0","0,0","0,0","0","0","0","0:00","0,0","0:00","No","00:00.90.7","21","0,0","01:14:41","01:15:01","38","51"
Running,2020-10-15 17:04:32,false,"Natal Running","9,77","777","01:03:20","161","178","154","222","6:29","4:42","46","46","0,99","0,0","0,0","0","0","0","0,0","0","0","0,0","0,0","0","0","0","0:00","0,0","0:00","No","00:01.42.4","22","0,0","01:03:13","01:03:20","40","53"
Running,2020-10-13 16:28:21,false,"Natal Running","8,21","654","00:50:01","164","176","165","183","6:06","5:09","28","28","0,99","0,0","0,0","0","0","0","0,0","0","0","0,0","0,0","0","0","0","0:00","0,0","0:00","No","00:00.98","18","0,0","00:49:09","00:50:01","40","51"
Running,2020-10-11 16:20:51,false,"Natal Running","10,02","806","01:02:57","161","172","172","194","6:17","5:42","61","61","0,92","0,0","0,0","0","0","0","0,0","0","0","0,0","0,0","0","0","0","0:00","0,0","0:00","No","00:08.88.8","11","0,0","01:02:17","01:02:57","33","52"
Running,2020-10-09 17:16:03,false,"Natal Running","10,09","827","01:00:01","169","180","173","183","5:57","5:28","45","45","0,97","0,0","0,0","0","0","0","0,0","0","0","0,0","0,0","0","0","0","0:00","0,0","0:00","No","00:00.76","13","0,0","00:59:38","01:00:01","38","51"
Running,2020-10-07 16:10:47,false,"Natal Running","8,52","737","00:51:47","172","186","164","242","6:05","5:08","40","40","1,00","0,0","0,0","0","0","0","0,0","0","0","0,0","0,0","0","0","0","0:00","0,0","0:00","No","00:01.97","17","0,0","00:51:29","00:51:47","40","51"
Cardio,2020-10-06 16:43:18,false,"Cardio","0,00","282","00:34:06","123","158","0","0","--","--","--","--","0,00","0,0","0,0","0","0","0","0,0","0","0","0,0","0,0","0","0","0","0:00","0,0","0:00","No","34:05.72.3","1","0,0","00:00:00","00:34:06","35","88"
Running,2020-10-05 16:12:08,false,"Natal Running","9,22","739","00:55:01","166","182","169","214","5:58","5:07","37","37","0,99","0,0","0,0","0","0","0","0,0","0","0","0,0","0,0","0","0","0","0:00","0,0","0:00","No","00:00.40","23","0,0","00:54:52","00:55:01","40","51"
Running,2020-10-02 07:00:14,false,"Natal Running","6,22","513","00:38:55","164","182","161","187","6:16","4:45","19","20","0,99","0,0","0,0","0","0","0","0,0","0","0","0,0","0,0","0","0","0","0:00","0,0","0:00","No","01:00.00","14","0,0","00:37:29","00:38:55","40","51"
Cardio,2020-10-01 16:29:42,false,"Cardio","0,00","257","00:28:35","129","154","0","0","--","--","--","--","0,00","0,0","0,0","0","0","0","0,0","0","0","0,0","0,0","0","0","0","0:00","0,0","0:00","No","00:16.14.9","31","0,0","00:00:00","00:28:35","25","58"
Running,2020-09-30 06:51:00,false,"Natal Running","6,94","585","00:43:49","166","191","156","231","6:19","5:14","25","22","1,02","0,0","0,0","0","0","0","0,0","0","0","0,0","0,0","0","0","0","0:00","0,0","0:00","No","01:00.00","19","0,0","00:43:19","00:43:49","40","59"
Cardio,2020-09-29 16:24:22,false,"Cardio","0,00","353","00:32:01","141","170","0","0","--","--","--","--","0,00","0,0","0,0","0","0","0","0,0","0","0","0,0","0,0","0","0","0","0:00","0,0","0:00","No","32:01.17.5","1","0,0","00:00:00","00:32:01","62","62"
Running,2020-09-28 06:28:11,false,"Natal Running","6,98","580","00:43:03","168","181","162","183","6:10","4:59","33","30","1,00","0,0","0,0","0","0","0","0,0","0","0","0,0","0,0","0","0","0","0:00","0,0","0:00","No","01:00.63.8","15","0,0","00:42:53","00:43:03","40","58"
Cardio,2020-09-25 16:26:29,false,"Cardio","0,00","265","00:30:01","131","162","0","0","--","--","--","--","0,00","0,0","0,0","0","0","0","0,0","0","0","0,0","0,0","0","0","0","0:00","0,0","0:00","No","03:23.43.2","2","0,0","00:00:00","00:30:09","43","43"
Cardio,2020-09-23 17:36:14,false,"Cardio","0,00","304","00:30:46","137","172","0","0","--","--","--","--","0,00","0,0","0,0","0","0","0","0,0","0","0","0,0","0,0","0","0","0","0:00","0,0","0:00","No","30:45.94.3","1","0,0","00:00:00","00:30:46","54","54"
Running,2020-09-23 16:57:53,false,"Natal Running","2,42","199","00:14:45","165","179","165","186","6:06","5:19","14","14","1,00","0,0","0,0","0","0","0","0,0","0","0","0,0","0,0","0","0","0","0:00","0,0","0:00","No","02:30.22","3","0,0","00:14:37","00:14:45","40","51"
Incident Detected,2020-09-23 16:57:35,false,"Natal Incident Detected","0,00","--","00:00:00,6","165","165","0","0","7,0","4,3","--","--","0,00","0,0","0,0","0","0","0","0,0","0","0","0,0","0,0","0","0","0","0:00","0,0","0:00","No","00:00.62.1","1","0,0","00:00:00","00:00:00,6","49","49"
Incident Detected,2020-09-23 16:56:57,false,"Natal Incident Detected","0,07","4","00:00:24,3","165","166","0","0","10,1","10,1","--","--","0,00","0,0","0,0","0","0","0","0,0","0","0","0,0","0,0","0","0","0","0:00","0,0","0:00","No","00:24.26.7","1","0,0","00:00:17","00:00:24,3","49","50"
Running,2020-09-23 16:30:31,false,"Natal Running","4,32","356","00:26:24","165","175","173","187","6:07","5:35","20","15","0,95","0,0","0,0","0","0","0","0,0","0","0","0,0","0,0","0","0","0","0:00","0,0","0:00","No","01:55.64.9","5","0,0","00:26:09","00:26:24","40","59"
Running,2020-09-22 17:10:35,false,"Natal Running","3,05","231","00:30:13","125","153","117","179","9:55","6:37","13","14","0,88","0,0","0,0","0","0","0","0,0","0","0","0,0","0,0","0","0","0","0:00","0,0","0:00","No","00:42.75.5","11","0,0","00:30:13","00:30:13","40","51"
Running,2020-09-16 16:23:37,false,"Natal Running","8,97","756","00:55:01","167","185","163","250","6:08","5:13","46","46","1,00","0,0","0,0","0","0","0","0,0","0","0","0,0","0,0","0","0","0","0:00","0,0","0:00","No","00:00.60.9","28","0,0","00:55:00","00:55:01","37","53"
Running,2020-09-12 16:22:07,false,"Natal Running","10,02","782","00:58:29","165","177","175","188","5:50","5:09","45","46","0,98","0,0","0,0","0","0","0","0,0","0","0","0,0","0,0","0","0","0","0:00","0,0","0:00","No","00:05.91.2","11","0,0","00:58:01","00:58:29","37","54"
Running,2020-09-10 16:49:11,false,"Natal Running","12,01","986","01:25:50","156","176","146","186","7:09","5:11","55","53","0,95","0,0","0,0","0","0","0","0,0","0","0","0,0","0,0","0","0","0","0:00","0,0","0:00","No","00:01.77.7","27","0,0","01:25:25","01:25:50","38","51"
Cardio,2020-09-08 16:30:23,false,"Cardio","0,00","323","00:46:16","118","149","0","0","--","--","--","--","0,00","0,0","0,0","0","0","0","0,0","0","0","0,0","0,0","0","0","0","0:00","0,0","0:00","No","46:16.36.4","1","0,0","00:00:00","00:46:16","--","--"
Running,2020-09-07 16:05:48,false,"Natal Running","9,25","727","00:57:01","161","177","168","194","6:10","0:34","38","38","0,97","0,0","0,0","0","0","0","0,0","0","0","0,0","0,0","0","0","0","0:00","0,0","0:00","No","00:01.18.2","25","0,0","00:56:45","00:57:01","39","59"
Running,2020-09-04 16:19:49,false,"Natal Running","11,74","923","01:15:01","162","175","162","228","6:23","5:05","58","64","0,97","0,0","0,0","0","0","0","0,0","0","0","0,0","0,0","0","0","0","0:00","0,0","0:00","No","00:00.55.9","21","0,0","01:14:43","01:15:01","37","59"
Running,2020-09-02 16:07:20,false,"Natal Running","10,06","800","01:03:46","165","180","161","188","6:21","5:13","46","45","0,98","0,0","0,0","0","0","0","0,0","0","0","0,0","0,0","0","0","0","0:00","0,0","0:00","No","00:00.61.5","22","0,0","01:03:15","01:03:46","37","54"
Running,2020-08-31 16:46:15,false,"Natal Running","8,23","670","00:50:01","169","178","175","190","6:04","5:30","37","33","0,94","0,0","0,0","0","0","0","0,0","0","0","0,0","0,0","0","0","0","0:00","0,0","0:00","No","00:00.84.5","16","0,0","00:49:53","00:50:01","40","59"
Running,2020-08-28 16:33:08,false,"Natal Running","10,07","921","01:00:04","0","0","175","186","5:58","5:17","48","49","0,96","0,0","0,0","0","0","0","0,0","0","0","0,0","0,0","0","0","0","0:00","0,0","0:00","No","00:03.88.1","13","0,0","01:00:02","01:00:04","40","59"
Running,2020-08-26 16:18:54,false,"Natal Running","8,59","680","00:52:06","167","181","169","188","6:04","5:03","29","30","0,97","0,0","0,0","0","0","0","0,0","0","0","0,0","0,0","0","0","0","0:00","0,0","0:00","No","00:03.18.1","17","0,0","00:51:42","00:52:06","40","52"
Running,2020-08-24 16:22:44,false,"Natal Running","8,46","689","00:53:02","167","182","169","186","6:16","5:29","36","42","0,95","0,0","0,0","0","0","0","0,0","0","0","0,0","0,0","0","0","0","0:00","0,0","0:00","No","00:00.14.8","23","0,0","00:52:46","00:53:02","40","58"
Running,2020-08-19 16:09:46,false,"Natal Running","8,68","682","00:55:05","164","180","163","183","6:21","5:26","34","41","0,97","0,0","0,0","0","0","0","0,0","0","0","0,0","0,0","0","0","0","0:00","0,0","0:00","No","00:01.98.3","17","0,0","00:55:05","00:55:05","40","58"
Running,2020-08-17 16:17:50,false,"Natal Running","10,03","787","01:00:19","167","183","173","186","6:01","5:14","49","47","0,96","0,0","0,0","0","0","0","0,0","0","0","0,0","0,0","0","0","0","0:00","0,0","0:00","No","00:01.60.8","12","0,0","00:59:40","01:00:19","40","52"
Running,2020-08-17 16:16:32,false,"Natal Running","0,00","--","00:00:06,7","78","78","--","--","--","--","--","--","0,00","0,0","0,0","0","0","0","0,0","0","0","0,0","0,0","0","0","0","0:00","0,0","0:00","No","00:06.69.9","1","0,0","00:00:00","00:00:06,7","45","45"
Running,2020-08-17 16:15:30,false,"Natal Running","0,00","1","00:00:17,2","97","102","--","--","--","--","--","--","0,00","0,0","0,0","0","0","0","0,0","0","0","0,0","0,0","0","0","0","0:00","0,0","0:00","No","00:05.90.9","2","0,0","00:00:00","00:00:24,9","43","43"
Running,2020-08-14 16:39:05,false,"Natal Running","8,00","618","00:47:29","168","180","176","185","5:56","5:30","32","37","0,96","0,0","0,0","0","0","0","0,0","0","0","0,0","0,0","0","0","0","0:00","0,0","0:00","No","00:02.18","9","0,0","00:47:22","00:47:29","40","58"
Running,2020-08-12 16:43:27,false,"Natal Running","8,19","666","00:50:02","172","182","175","183","6:07","5:40","28","34","0,93","0,0","0,0","0","0","0","0,0","0","0","0,0","0,0","0","0","0","0:00","0,0","0:00","No","00:00.55.9","12","0,0","00:49:53","00:50:02","40","58"
Running,2020-08-10 16:22:47,false,"Natal Running","9,62","782","01:00:04","169","182","175","185","6:15","5:52","40","41","0,91","0,0","0,0","0","0","0","0,0","0","0","0,0","0,0","0","0","0","0:00","0,0","0:00","No","00:01.54.6","12","0,0","00:59:50","01:00:04","40","52"
Cardio,2020-08-07 18:23:11,false,"Cardio","0,00","217","00:27:27","123","150","0","0","--","--","--","--","0,00","0,0","0,0","0","0","0","0,0","0","0","0,0","0,0","0","0","0","0:00","0,0","0:00","No","27:26.80.1","1","0,0","00:00:00","00:27:27","--","--"
Running,2020-08-06 16:11:03,false,"Natal Running","6,53","527","00:40:01","169","185","173","181","6:08","5:36","21","26","0,94","0,0","0,0","0","0","0","0,0","0","0","0,0","0,0","0","0","0","0:00","0,0","0:00","No","00:00.88.5","8","0,0","00:39:59","00:40:01","40","58"
Running,2020-08-05 06:38:10,false,"Natal Running","8,63","685","00:56:01","165","180","165","192","6:29","5:25","31","32","0,94","0,0","0,0","0","0","0","0,0","0","0","0,0","0,0","0","0","0","0:00","0,0","0:00","No","00:00.67.4","17","0,0","00:56:00","00:56:01","40","51"
Running,2020-08-03 16:12:55,false,"Natal Running","9,24","716","00:55:01","168","182","171","179","5:57","5:34","35","38","0,98","0,0","0,0","0","0","0","0,0","0","0","0,0","0,0","0","0","0","0:00","0,0","0:00","No","00:00.59.2","11","0,0","00:54:47","00:55:01","40","58"
Running,2020-07-31 16:17:40,false,"Natal Running","8,11","677","00:50:41","174","183","166","189","6:15","5:32","36","42","0,96","0,0","0,0","0","0","0","0,0","0","0","0,0","0,0","0","0","0","0:00","0,0","0:00","No","00:43.47","9","0,0","00:50:34","00:50:41","40","59"
Running,2020-07-29 16:01:24,false,"Natal Running","8,27","682","00:55:16","166","188","149","189","6:41","5:02","30","31","1,00","0,0","0,0","0","0","0","0,0","0","0","0,0","0,0","0","0","0","0:00","0,0","0:00","No","02:00.00","17","0,0","00:54:22","00:55:16","40","51"
Running,2020-07-27 16:12:16,false,"Natal Running","7,41","609","00:48:57","167","187","150","181","6:36","4:58","59","24","1,00","0,0","0,0","0","0","0","0,0","0","0","0,0","0,0","0","0","0","0:00","0,0","0:00","No","02:00.00","15","0,0","00:48:56","00:48:57","10","51"
Running,2020-07-15 16:41:53,false,"Natal Running","4,78","365","00:27:47","171","182","168","179","5:49","5:29","16","16","1,03","0,0","0,0","0","0","0","0,0","0","0","0,0","0,0","0","0","0","0:00","0,0","0:00","No","04:58.81.5","5","0,0","00:27:45","00:27:47","40","51"
Running,2020-07-10 16:20:30,false,"Macau Running","5,00","372","00:28:48","169","177","172","183","5:45","5:23","10","10","1,01","0,0","0,0","0","0","0","0,0","0","0","0,0","0,0","0","0","0","0:00","0,0","0:00","No","00:01.34.2","6","0,0","00:28:47","00:28:48","--","5"
Walking,2020-07-10 16:10:09,false,"Macau Walking","1,00","76","00:09:42,5","122","153","103","183","9:40","6:30","--","6","1,00","0,0","0,0","0","0","0","0,0","0","0","0,0","0,0","0","0","0","0:00","0,0","0:00","No","00:01.51.1","2","0,0","00:09:37,5","00:09:42,5","--","6"
Running,2020-07-08 16:14:21,false,"Macau Running","10,14","866","01:13:31","163","182","144","198","7:15","5:26","10","15","0,96","0,0","0,0","0","0","0","0,0","0","0","0,0","0,0","0","0","0","0:00","0,0","0:00","No","00:02.00.3","29","0,0","01:11:02","01:13:32","--","7"
Running,2020-07-02 16:07:24,false,"Macau Running","8,00","662","00:49:28","170","184","168","233","6:11","5:37","9","13","0,96","0,0","0,0","0","0","0","0,0","0","0","0,0","0,0","0","0","0","0:00","0,0","0:00","No","00:00.66.9","9","0,0","00:49:21","00:49:28","--","6"
Running,2020-06-30 16:18:43,false,"Macau Running","9,62","727","01:06:36","153","182","148","181","6:55","5:10","5","11","0,97","0,0","0,0","0","0","0","0,0","0","0","0,0","0,0","0","0","0","0:00","0,0","0:00","No","00:00.12","17","0,0","01:06:21","01:06:36","--","6"
Running,2020-06-29 16:25:20,false,"Macau Running","10,77","896","01:10:46","165","182","154","233","6:34","4:48","15","21","1,00","0,0","0,0","0","0","0","0,0","0","0","0,0","0,0","0","0","0","0:00","0,0","0:00","No","00:01.98","13","0,0","01:08:54","01:10:46","--","7"
Running,2020-06-26 16:18:26,false,"Macau Running","6,72","520","00:46:22","156","179","136","230","6:54","4:10","6","10","1,06","0,0","0,0","0","0","0","0,0","0","0","0,0","0,0","0","0","0","0:00","0,0","0:00","No","00:03.23","20","0,0","00:44:19","00:46:22","--","6"
Running,2020-06-25 16:10:19,false,"Macau Running","8,01","637","00:47:29","170","184","170","188","5:56","5:20","5","5","0,99","0,0","0,0","0","0","0","0,0","0","0","0,0","0,0","0","0","0","0:00","0,0","0:00","No","00:01.74.5","9","0,0","00:47:01","00:47:29","--","5"
Walking,2020-06-25 16:03:30,false,"Macau Walking","0,61","51","00:06:10,3","123","150","94","230","10:04","3:39","--","7","1,05","0,0","0,0","0","0","0","0,0","0","0","0,0","0,0","0","0","0","0:00","0,0","0:00","No","06:10.33.8","1","0,0","00:05:41","00:06:10,3","--","7"
Running,2020-06-23 16:49:02,false,"Macau Running","6,04","487","00:36:11","170","182","168","177","5:59","5:32","3","4","0,99","0,0","0,0","0","0","0","0,0","0","0","0,0","0,0","0","0","0","0:00","0,0","0:00","No","00:16.64.5","7","0,0","00:36:05","00:36:11","--","5"
Walking,2020-06-23 16:40:20,false,"Macau Walking","0,94","69","00:08:10,2","122","148","111","217","8:41","4:06","--","3","1,04","0,0","0,0","0","0","0","0,0","0","0","0,0","0,0","0","0","0","0:00","0,0","0:00","No","08:10.15.7","1","0,0","00:08:10","00:08:10,2","--","3"
Running,2020-06-22 16:06:07,false,"Macau Running","9,62","756","01:07:07","156","185","140","182","6:59","5:21","8","14","1,03","0,0","0,0","0","0","0","0,0","0","0","0,0","0,0","0","0","0","0:00","0,0","0:00","No","00:02.22.6","23","0,0","01:06:50","01:07:07","--","6"
Running,2020-06-18 06:28:44,false,"Macau Running","9,07","706","01:01:23","150","181","155","233","6:46","5:35","7","13","0,99","0,0","0,0","0","0","0","0,0","0","0","0,0","0,0","0","0","0","0:00","0,0","0:00","No","00:01.47","13","0,0","01:00:52","01:01:23","--","6"
Running,2020-06-16 06:17:27,false,"Macau Running","10,24","872","01:10:07","167","187","156","183","6:51","5:48","13","13","0,93","0,0","0,0","0","0","0","0,0","0","0","0,0","0,0","0","0","0","0:00","0,0","0:00","No","00:00.31.2","13","0,0","01:09:47","01:10:07","--","7"
Walking,2020-06-14 16:55:06,false,"Macau Walking","0,50","63","00:07:26,8","133","166","69","121","14:48","9:59","1","--","0,99","0,0","0,0","0","0","0","0,0","0","0","0,0","0,0","0","0","0","0:00","0,0","0:00","No","07:26.84.6","1","0,0","00:05:45","00:07:26,8","5","7"
Running,2020-06-14 16:25:09,false,"Macau Running","5,01","396","00:29:40","168","176","170","179","5:55","5:09","7","3","0,99","0,0","0,0","0","0","0","0,0","0","0","0,0","0,0","0","0","0","0:00","0,0","0:00","No","00:02.36.8","6","0,0","00:29:34","00:29:40","--","9"
Walking,2020-06-14 16:13:32,false,"Macau Walking","1,18","85","00:11:19","114","147","106","186","9:36","6:23","--","7","0,98","0,0","0,0","0","0","0","0,0","0","0","0,0","0,0","0","0","0","0:00","0,0","0:00","No","01:41.99.6","2","0,0","00:11:10","00:11:19","--","7"
Running,2020-06-12 16:00:04,false,"Macau Running","4,36","372","00:38:53","140","180","99","187","8:54","4:10","3","4","1,20","0,0","0,0","0","0","0","0,0","0","0","0,0","0,0","0","0","0","0:00","0,0","0:00","No","00:06.64.2","15","0,0","00:29:41","00:38:53","5","8"
Running,2020-06-10 16:09:34,false,"Macau Running","8,79","668","00:56:03","163","178","160","247","6:23","5:12","24","20","0,98","0,0","0,0","0","0","0","0,0","0","0","0,0","0,0","0","0","0","0:00","0,0","0:00","No","00:02.99.3","17","0,0","00:55:45","00:56:03","--","9"
Walking,2020-06-10 15:58:14,false,"Macau Walking","1,11","75","00:10:10","112","122","105","138","9:09","8:28","--","4","1,06","0,0","0,0","0","0","0","0,0","0","0","0,0","0,0","0","0","0","0:00","0,0","0:00","No","01:00.36.7","2","0,0","00:10:03","00:10:10","0","8"
Running,2020-06-08 07:53:04,false,"Macau Running","5,90","481","00:40:58","162","178","152","182","6:56","5:36","16","16","0,95","0,0","0,0","0","0","0","0,0","0","0","0,0","0,0","0","0","0","0:00","0,0","0:00","No","05:59.28.5","6","0,0","00:40:01","00:40:58","1","8"
Walking,2020-06-08 07:40:47,false,"Macau Walking","0,97","69","00:11:14","114","138","86","196","11:33","5:47","2","3","1,01","0,0","0,0","0","0","0","0,0","0","0","0,0","0,0","0","0","0","0:00","0,0","0:00","No","11:14.09.3","1","0,0","00:11:14","00:11:14","3","7"
Running,2020-06-05 16:31:50,false,"Macau Running","6,56","502","00:45:05","162","182","146","181","6:52","5:05","14","7","0,99","0,0","0,0","0","0","0","0,0","0","0","0,0","0,0","0","0","0","0:00","0,0","0:00","No","00:01.02.6","17","0,0","00:43:24","00:45:05","--","7"
Running,2020-06-05 16:22:04,false,"Macau Running","1,01","75","00:09:13,1","123","157","115","192","9:07","7:09","--","6","0,95","0,0","0,0","0","0","0","0,0","0","0","0,0","0,0","0","0","0","0:00","0,0","0:00","No","00:06.86.9","2","0,0","00:09:12,9","00:09:13,1","--","6"
Walking,2020-06-04 17:26:40,false,"Macau Walking","0,64","50","00:06:06,3","137","161","109","134","9:35","8:40","--","--","0,95","0,0","0,0","0","0","0","0,0","0","0","0,0","0,0","0","0","0","0:00","0,0","0:00","No","06:06.29.9","1","0,0","00:05:52","00:06:06,3","--","2"
Running,2020-06-04 17:04:21,false,"Macau Running","3,52","247","00:21:50","162","179","145","185","6:13","4:31","2","5","1,08","0,0","0,0","0","0","0","0,0","0","0","0,0","0,0","0","0","0","0:00","0,0","0:00","No","01:49.33.7","11","0,0","00:21:43","00:21:50","--","5"
Walking,2020-06-04 16:44:05,false,"Macau Walking","2,26","164","00:20:01","123","139","115","154","8:52","7:56","--","6","0,99","0,0","0,0","0","0","0","0,0","0","0","0,0","0,0","0","0","0","0:00","0,0","0:00","No","02:15.16.6","3","0,0","00:20:00","00:20:01","--","6"
Running,2020-06-02 16:01:53,false,"Macau Running","9,07","764","01:00:01","172","188","158","244","6:37","5:34","11","15","0,95","0,0","0,0","0","0","0","0,0","0","0","0,0","0,0","0","0","0","0:00","0,0","0:00","No","00:01.06.5","13","0,0","00:59:58","01:00:01","--","5"
Running,2020-06-01 16:20:56,false,"Macau Running","6,32","536","00:40:04","171","183","168","181","6:20","5:55","6","12","0,94","0,0","0,0","0","0","0","0,0","0","0","0,0","0,0","0","0","0","0:00","0,0","0:00","No","00:04.16.9","8","0,0","00:39:46","00:40:04","--","7"
Running,2020-05-28 16:12:23,false,"Macau Running","8,18","690","00:56:07","166","186","154","192","6:52","5:01","17","13","0,95","0,0","0,0","0","0","0","0,0","0","0","0,0","0,0","0","0","0","0:00","0,0","0:00","No","00:07.38.2","17","0,0","00:56:06","00:56:07","--","7"
Running,2020-05-27 16:11:22,false,"Macau Running","5,41","479","00:37:35","167","182","149","212","6:56","4:36","8","12","0,97","0,0","0,0","0","0","0","0,0","0","0","0,0","0,0","0","0","0","0:00","0,0","0:00","No","00:07.87","7","0,0","00:37:05","00:37:35","--","6"
Running,2020-05-20 16:35:41,false,"Macau Running","6,74","530","00:45:04","162","180","146","243","6:41","5:27","17","16","1,03","0,0","0,0","0","0","0","0,0","0","0","0,0","0,0","0","0","0","0:00","0,0","0:00","No","00:04.43.6","16","0,0","00:45:03","00:45:04","--","7"
Running,2020-05-19 16:27:04,false,"Macau Running","4,79","393","00:31:31","163","182","146","188","6:35","4:50","5","9","1,04","0,0","0,0","0","0","0","0,0","0","0","0,0","0,0","0","0","0","0:00","0,0","0:00","No","00:04.44.2","7","0,0","00:30:58","00:31:31","--","5"
Running,2020-05-18 16:39:11,false,"Macau Running","4,87","421","00:32:45","166","185","151","181","6:43","5:03","5","9","0,98","0,0","0,0","0","0","0","0,0","0","0","0,0","0,0","0","0","0","0:00","0,0","0:00","No","05:48.32.8","5","0,0","00:32:16","00:32:45","--","5"
Running,2020-05-14 16:24:18,false,"Macau Running","4,28","352","00:25:27","171","181","166","179","5:57","5:23","4","8","1,01","0,0","0,0","0","0","0","0,0","0","0","0,0","0,0","0","0","0","0:00","0,0","0:00","No","01:36.82.9","5","0,0","00:25:26","00:25:27","--","5"
Running,2020-05-11 16:30:35,false,"Macau Running","6,00","512","00:38:04","169","184","162","181","6:20","5:21","3","10","0,97","0,0","0,0","0","0","0","0,0","0","0","0,0","0,0","0","0","0","0:00","0,0","0:00","No","00:01.86.8","7","0,0","00:37:47","00:38:04","--","8"
Running,2020-05-08 16:19:50,false,"Macau Running","6,23","513","00:40:36","165","182","159","190","6:31","4:37","5","11","0,97","0,0","0,0","0","0","0","0,0","0","0","0,0","0,0","0","0","0","0:00","0,0","0:00","No","01:15.11.3","8","0,0","00:40:15","00:40:36","--","8"
Running,2020-05-06 16:16:59,false,"Macau Running","7,28","616","00:47:38","168","186","155","189","6:32","5:02","12","12","0,99","0,0","0,0","0","0","0","0,0","0","0","0,0","0,0","0","0","0","0:00","0,0","0:00","No","01:37.53.6","15","0,0","00:47:24","00:47:38","--","8"
Running,2020-05-05 16:07:35,false,"Macau Running","4,76","420","00:30:38","0","0","161","187","6:26","5:18","5","7","0,96","0,0","0,0","0","0","0","0,0","0","0","0,0","0,0","0","0","0","0:00","0,0","0:00","No","05:11.71.7","5","0,0","00:30:37","00:30:38","--","5"
Running,2020-04-27 16:09:04,false,"Macau Running","5,01","378","00:29:57","162","176","168","184","5:59","5:24","5","9","0,99","0,0","0,0","0","0","0","0,0","0","0","0,0","0,0","0","0","0","0:00","0,0","0:00","No","00:03.86.1","6","0,0","00:29:52","00:29:57","--","6"
Running,2020-04-24 16:37:24,false,"Macau Running","4,90","416","00:28:57","168","181","171","190","5:54","5:04","8","8","0,99","0,0","0,0","0","0","0","0,0","0","0","0,0","0,0","0","0","0","0:00","0,0","0:00","No","01:00.00.1","11","0,0","00:28:51","00:28:57","--","6"
Running,2020-04-22 16:08:48,false,"Macau Running","8,91","766","00:56:04","173","188","161","187","6:18","5:12","19","16","0,99","0,0","0,0","0","0","0","0,0","0","0","0,0","0,0","0","0","0","0:00","0,0","0:00","No","00:03.70","17","0,0","00:56:04","00:56:04","--","8"
Running,2020-04-20 16:20:18,false,"Macau Running","6,47","559","00:40:44","173","188","169","189","6:18","4:49","3","9","0,94","0,0","0,0","0","0","0","0,0","0","0","0,0","0,0","0","0","0","0:00","0,0","0:00","No","03:20.08.3","7","0,0","00:40:04","00:40:44","--","7"
Running,2020-04-16 15:55:23,false,"Macau Running","6,59","542","00:39:45","171","187","167","192","6:02","4:34","11","11","0,99","0,0","0,0","0","0","0","0,0","0","0","0,0","0,0","0","0","0","0:00","0,0","0:00","No","01:00.00","15","0,0","00:39:45","00:39:45","--","8"
Cycling,2020-04-14 16:41:06,false,"Macau Cycling","13,50","570","00:45:15","158","174","0","0","17,9","24,5","16","19","0,00","0,0","0,0","0","0","0","0,0","0","0","0,0","0,0","0","0","0","0:00","0,0","0:00","No","11:22.18.4","3","0,0","00:45:14","00:45:15","--","7"
Running,2020-04-13 16:32:51,false,"Macau Running","7,58","660","00:50:14","169","188","153","189","6:38","5:00","22","22","0,98","0,0","0,0","0","0","0","0,0","0","0","0,0","0,0","0","0","0","0:00","0,0","0:00","No","02:00.00","15","0,0","00:49:28","00:50:14","--","8"
Running,2020-04-08 16:41:37,false,"Macau Running","5,53","486","00:37:07","169","184","156","183","6:43","5:33","16","15","0,95","0,0","0,0","0","0","0","0,0","0","0","0,0","0,0","0","0","0","0:00","0,0","0:00","No","04:54.43.6","6","0,0","00:37:02","00:37:07","--","8"
Running,2020-04-07 16:36:41,false,"Macau Running","5,48","518","00:37:34","174","192","156","189","6:51","5:12","14","13","0,94","0,0","0,0","0","0","0","0,0","0","0","0,0","0,0","0","0","0","0:00","0,0","0:00","No","04:13.42.7","6","0,0","00:37:29","00:37:34","--","8"
Running,2020-04-06 16:31:38,false,"Macau Running","4,00","344","00:27:19","163","184","141","187","6:50","4:44","11","12","1,04","0,0","0,0","0","0","0","0,0","0","0","0,0","0,0","0","0","0","0:00","0,0","0:00","No","00:00.85.1","5","0,0","00:26:57","00:27:19","--","8"
Running,2020-03-18 17:09:21,false,"Corona Running","6,35","550","00:41:32","167","184","160","188","6:32","5:07","22","22","0,95","0,0","0,0","0","0","0","0,0","0","0","0,0","0,0","0","0","0","0:00","0,0","0:00","No","01:31.74.5","13","0,0","00:41:31","00:41:32","40","51"
Running,2020-03-16 17:56:51,false,"Natal Running","5,73","512","00:35:51","174","186","166","185","6:15","5:04","24","21","0,97","0,0","0,0","0","0","0","0,0","0","0","0,0","0,0","0","0","0","0:00","0,0","0:00","No","04:50.32.9","6","0,0","00:35:26","00:35:51","40","51"
Running,2020-03-11 06:19:39,false,"Natal Running","5,13","464","00:32:25","174","187","161","244","6:19","5:22","34","29","0,98","0,0","0,0","0","0","0","0,0","0","0","0,0","0,0","0","0","0","0:00","0,0","0:00","No","02:37.91.4","6","0,0","00:32:17","00:32:25","39","51"
Running,2020-03-09 06:48:39,false,"Natal Running","4,69","411","00:30:02","171","190","155","189","6:24","4:50","19","18","1,00","0,0","0,0","0","0","0","0,0","0","0","0,0","0,0","0","0","0","0:00","0,0","0:00","No","04:46.85.5","5","0,0","00:29:51","00:30:02","40","51"
Running,2020-03-07 16:36:36,false,"Natal Running","5,94","565","00:40:15","173","186","160","192","6:47","5:31","29","27","0,92","0,0","0,0","0","0","0","0,0","0","0","0,0","0,0","0","0","0","0:00","0,0","0:00","No","05:52.38.1","6","0,0","00:40:09","00:40:15","37","53"
Running,2020-02-18 17:59:17,false,"Natal Running","7,01","594","00:43:33","168","179","171","194","6:13","4:55","35","35","0,94","0,0","0,0","0","0","0","0,0","0","0","0,0","0,0","0","0","0","0:00","0,0","0:00","No","00:03.10.8","8","0,0","00:43:13","00:43:33","37","53"
Running,2020-02-12 17:39:25,false,"Natal Running","7,86","659","00:47:02","169","183","173","189","5:59","4:57","23","21","0,97","0,0","0,0","0","0","0","0,0","0","0","0,0","0,0","0","0","0","0:00","0,0","0:00","No","00:00.22.1","15","0,0","00:46:55","00:47:02","40","53"
Running,2020-02-10 17:29:56,false,"Natal Running","4,69","397","00:28:48","165","174","175","196","6:09","5:27","17","16","0,93","0,0","0,0","0","0","0","0,0","0","0","0,0","0,0","0","0","0","0:00","0,0","0:00","No","04:45.40.7","5","0,0","00:28:30","00:28:48","40","53"
Running,2020-02-04 17:53:58,false,"Natal Running","6,73","536","00:39:06","164","172","176","189","5:48","5:03","24","20","0,98","0,0","0,0","0","0","0","0,0","0","0","0,0","0,0","0","0","0","0:00","0,0","0:00","No","01:47.52.1","8","0,0","00:39:03","00:39:06","40","51"
Running,2020-02-04 17:47:04,false,"Natal Running","1,06","82","00:06:29,5","153","161","173","190","6:07","5:48","4","6","0,95","0,0","0,0","0","0","0","0,0","0","0","0,0","0,0","0","0","0","0:00","0,0","0:00","No","00:05.64.9","3","0,0","00:06:22,6","00:06:29,5","40","51"
Running,2020-02-03 17:35:29,false,"Natal Running","7,66","618","00:45:02","165","177","176","187","5:53","5:20","13","12","0,97","0,0","0,0","0","0","0","0,0","0","0","0,0","0,0","0","0","0","0:00","0,0","0:00","No","04:10.80.7","8","0,0","00:44:55","00:45:02","40","51"
Running,2020-02-02 16:23:52,false,"Natal Running","7,84","626","00:47:47","162","172","167","189","6:06","4:43","17","19","1,02","0,0","0,0","0","0","0","0,0","0","0","0,0","0,0","0","0","0","0:00","0,0","0:00","No","02:00.00.1","10","0,0","00:45:43","00:47:47","40","51"
Running,2020-01-31 16:41:45,false,"Natal Running","5,86","440","00:33:15","163","171","178","189","5:40","5:04","22","21","0,99","0,0","0,0","0","0","0","0,0","0","0","0,0","0,0","0","0","0","0:00","0,0","0:00","No","00:01.52.4","15","0,0","00:33:05","00:33:15","40","51"
Running,2020-01-30 16:56:38,false,"Natal Running","8,01","642","00:47:04","167","179","175","183","5:53","5:13","28","29","0,97","0,0","0,0","0","0","0","0,0","0","0","0,0","0,0","0","0","0","0:00","0,0","0:00","No","00:03.76.9","9","0,0","00:46:47","00:47:04","40","51"
Running,2020-01-28 17:10:31,false,"Natal Running","9,89","814","01:00:00","167","180","170","183","6:04","5:26","25","26","0,97","0,0","0,0","0","0","0","0,0","0","0","0,0","0,0","0","0","0","0:00","0,0","0:00","No","05:18.86.7","10","0,0","00:59:37","01:00:00","40","51"
Running,2020-01-27 07:16:02,false,"Natal Running","4,05","371","00:24:20","0","0","173","188","6:00","5:03","16","17","0,96","0,0","0,0","0","0","0","0,0","0","0","0,0","0,0","0","0","0","0:00","0,0","0:00","No","00:21.21.6","5","0,0","00:23:44","00:24:20","39","51"
Running,2020-01-26 07:12:25,false,"Natal Running","6,92","562","00:41:59","168","180","170","189","6:04","5:20","17","20","0,97","0,0","0,0","0","0","0","0,0","0","0","0,0","0,0","0","0","0","0:00","0,0","0:00","No","02:00.00","9","0,0","00:41:35","00:41:59","38","50"
Running,2020-01-24 17:18:10,false,"Natal Running","2,19","172","00:14:14","160","180","147","181","6:30","5:06","23","26","1,11","0,0","0,0","0","0","0","0,0","0","0","0,0","0,0","0","0","0","0:00","0,0","0:00","No","00:00.90.2","14","0,0","00:14:10","00:14:14","38","50"
Running,2020-01-24 16:44:51,false,"Natal Running","4,52","359","00:29:07","161","177","158","183","6:26","5:01","16","14","0,97","0,0","0,0","0","0","0","0,0","0","0","0,0","0,0","0","0","0","0:00","0,0","0:00","No","00:03.12.2","11","0,0","00:29:01","00:29:07","38","54"
Running,2020-01-23 16:24:33,false,"Natal Running","7,66","643","00:46:00","171","181","168","175","6:00","5:32","25","25","0,99","0,0","0,0","0","0","0","0,0","0","0","0,0","0,0","0","0","0","0:00","0,0","0:00","No","04:02.32.2","8","0,0","00:45:45","00:46:00","38","51"
Running,2020-01-18 08:42:39,false,"Natal Running","1,73","154","00:11:02","173","180","166","177","6:22","5:31","4","8","0,95","0,0","0,0","0","0","0","0,0","0","0","0,0","0,0","0","0","0","0:00","0,0","0:00","No","05:08.35.1","2","0,0","00:11:01","00:11:02","40","48"
Walking,2020-01-18 08:36:16,false,"Natal Walking","0,66","72","00:06:04,7","150","166","100","125","9:16","8:03","5","--","1,08","0,0","0,0","0","0","0","0,0","0","0","0,0","0,0","0","0","0","0:00","0,0","0:00","No","00:00.00","1","0,0","00:06:04","00:06:04,7","41","47"
Running,2020-01-18 08:07:08,false,"Natal Running","5,01","414","00:28:47","173","182","171","178","5:45","5:14","13","17","1,02","0,0","0,0","0","0","0","0,0","0","0","0,0","0,0","0","0","0","0:00","0,0","0:00","No","00:01.73.1","6","0,0","00:28:46","00:28:47","38","51"
Running,2020-01-15 16:48:21,false,"Natal Running","10,01","827","01:02:29","165","176","166","186","6:15","5:27","22","11","0,96","0,0","0,0","0","0","0","0,0","0","0","0,0","0,0","0","0","0","0:00","0,0","0:00","No","00:02.92.8","11","0,0","01:01:59","01:02:29","37","57"
Running,2020-01-13 17:09:39,false,"Natal Running","5,01","385","00:28:19","167","181","170","181","5:39","5:02","13","13","1,04","0,0","0,0","0","0","0","0,0","0","0","0,0","0,0","0","0","0","0:00","0,0","0:00","No","00:02.87.1","6","0,0","00:28:13","00:28:19","40","51"
Walking,2020-01-12 09:35:09,false,"Natal Walking","1,08","104","00:11:00","136","146","100","233","10:13","9:04","8","6","0,98","0,0","0,0","0","0","0","0,0","0","0","0,0","0,0","0","0","0","0:00","0,0","0:00","No","00:48.27.1","2","0,0","00:10:55","00:11:00","38","49"
Running,2020-01-12 09:03:41,false,"Tiros ","4,16","380","00:29:34","163","186","122","194","7:07","3:47","12","15","1,20","0,0","0,0","0","0","0","0,0","0","0","0,0","0,0","0","0","0","0:00","0,0","0:00","No","00:05.66.4","12","0,0","00:23:03","00:29:34","39","51"
Running,2020-01-10 16:42:19,false,"Natal Running","8,01","629","00:46:41","167","178","168","177","5:50","5:17","43","46","1,02","0,0","0,0","0","0","0","0,0","0","0","0,0","0,0","0","0","0","0:00","0,0","0:00","No","00:02.27.3","9","0,0","00:46:39","00:46:41","39","51"
Running,2020-01-08 16:32:24,false,"Natal Running","8,00","672","00:48:58","172","183","167","181","6:07","5:37","15","18","0,98","0,0","0,0","0","0","0","0,0","0","0","0,0","0,0","0","0","0","0:00","0,0","0:00","No","00:01.39.1","9","0,0","00:48:55","00:48:58","37","51"
Running,2020-01-06 16:33:18,false,"Natal Running","10,01","917","01:05:32","176","184","160","177","6:33","5:24","48","49","0,96","0,0","0,0","0","0","0","0,0","0","0","0,0","0,0","0","0","0","0:00","0,0","0:00","No","00:04.15.5","11","0,0","01:03:55","01:05:32","34","63"
Running,2020-01-04 07:19:10,false,"Natal Running","4,07","355","00:27:41","164","177","156","181","6:48","5:12","13","12","0,94","0,0","0,0","0","0","0","0,0","0","0","0,0","0,0","0","0","0","0:00","0,0","0:00","No","00:30.46.8","5","0,0","00:25:52","00:27:41","39","51"
Running,2019-12-28 11:53:29,false,"Camapum Beach Running","5,01","456","00:30:43","0","0","166","183","6:08","5:13","2","1","0,99","0,0","0,0","0","0","0","0,0","0","0","0,0","0,0","0","0","0","0:00","0,0","0:00","No","00:04.29.5","7","0,0","00:30:23","00:30:43","1","5"
Running,2019-12-26 17:12:55,false,"Macau Running","9,01","786","00:53:36","175","185","166","175","5:57","5:10","21","15","1,01","0,0","0,0","0","0","0","0,0","0","0","0,0","0,0","0","0","0","0:00","0,0","0:00","No","00:03.39.5","10","0,0","00:53:24","00:53:36","--","7"
Running,2019-12-24 16:17:37,false,"Macau Running","6,86","656","00:43:39","180","187","165","175","6:22","5:39","12","8","0,95","0,0","0,0","0","0","0","0,0","0","0","0,0","0,0","0","0","0","0:00","0,0","0:00","No","05:49.77.6","7","0,0","00:43:38","00:43:39","--","7"
Running,2019-12-18 16:58:01,false,"Natal Running","11,01","955","01:09:11","168","181","164","210","6:17","5:31","27","27","0,97","0,0","0,0","0","0","0","0,0","0","0","0,0","0,0","0","0","0","0:00","0,0","0:00","No","00:02.68.4","12","0,0","01:08:58","01:09:11","39","50"
Running,2019-12-17 16:49:46,false,"Natal Running","6,69","589","00:42:29","167","179","162","177","6:21","5:24","34","29","0,97","0,0","0,0","0","0","0","0,0","0","0","0,0","0,0","0","0","0","0:00","0,0","0:00","No","04:32.94.9","7","0,0","00:42:05","00:42:29","39","51"
Running,2019-12-10 08:45:44,false,"Rio de Janeiro Running","7,01","637","00:44:11","172","184","163","175","6:18","5:22","28","27","0,98","0,0","0,0","0","0","0","0,0","0","0","0,0","0,0","0","0","0","0:00","0,0","0:00","No","00:02.93.7","8","0,0","00:44:09","00:44:11","10","23"
Cycling,2019-12-08 09:46:53,false,"Rio de Janeiro Cycling","7,93","589","00:53:25","139","156","0","0","8,9","23,0","51","60","0,00","0,0","0,0","0","0","0","0,0","0","0","0,0","0,0","0","0","0","0:00","0,0","0:00","No","18:50.61.3","2","0,0","00:45:06","00:53:25","3","33"
Running,2019-12-08 09:05:00,false,"Circuito Rio Antigo - Etapa Porto Maravilha","8,04","836","00:49:09","182","192","168","189","6:07","3:55","65","62","0,97","0,0","0,0","0","0","0","0,0","0","0","0,0","0,0","0","0","0","0:00","0,0","0:00","No","00:17.02.8","9","0,0","00:48:57","00:49:09","8","34"
Running,2019-12-04 08:46:31,false,"Rio de Janeiro Running","6,02","583","00:37:17","175","185","168","181","6:11","5:22","31","27","0,96","0,0","0,0","0","0","0","0,0","0","0","0,0","0,0","0","0","0","0:00","0,0","0:00","No","00:09.02.6","7","0,0","00:37:11","00:37:17","9","23"
Running,2019-12-01 08:01:13,false,"Circuito das EstaÃ§Ãµes ","10,06","923","01:03:24","0","0","169","179","6:18","5:32","64","65","0,94","0,0","0,0","0","0","0","0,0","0","0","0,0","0,0","0","0","0","0:00","0,0","0:00","No","00:25.29.9","11","0,0","01:03:16","01:03:24","1","20"
Running,2019-11-29 08:50:14,false,"Rio de Janeiro Running","8,01","763","00:47:58","177","186","167","179","5:59","5:26","26","29","1,00","0,0","0,0","0","0","0","0,0","0","0","0,0","0,0","0","0","0","0:00","0,0","0:00","No","00:02.74","9","0,0","00:47:45","00:47:58","10","23"
Running,2019-11-24 09:21:13,false,"Rio de Janeiro Running","8,01","702","00:49:19","162","175","162","181","6:09","5:20","30","32","0,99","0,0","0,0","0","0","0","0,0","0","0","0,0","0,0","0","0","0","0:00","0,0","0:00","No","00:03.52.3","9","0,0","00:48:46","00:49:19","10","23"
Running,2019-11-22 08:30:06,false,"Rio de Janeiro Running","7,00","773","00:44:56","174","186","158","179","6:25","5:03","31","31","0,99","0,0","0,0","0","0","0","0,0","0","0","0,0","0,0","0","0","0","0:00","0,0","0:00","No","00:01.74.1","8","0,0","00:44:37","00:44:56","10","23"
Running,2019-11-20 08:52:16,false,"Rio de Janeiro Running","10,00","901","01:05:42","0","0","0","0","6:34","4:24","51","52","0,00","0,0","0,0","0","0","0","0,0","0","0","0,0","0,0","0","0","0","0:00","0,0","0:00","No","00:02.32.8","11","0,0","01:05:37","01:05:42","10","23"
Running,2019-11-18 08:22:44,false,"Rio de Janeiro Running","2,70","249","00:17:01","0","0","0","0","6:18","5:14","11","13","0,00","0,0","0,0","0","0","0","0,0","0","0","0,0","0,0","0","0","0","0:00","0,0","0:00","No","05:02.46.7","3","0,0","00:16:59","00:17:01","11","23"
Running,2019-11-15 08:56:52,false,"Rio de Janeiro Running","8,00","701","00:53:13","0","0","0","0","6:39","5:11","22","30","0,00","0,0","0,0","0","0","0","0,0","0","0","0,0","0,0","0","0","0","0:00","0,0","0:00","No","00:03.00.9","9","0,0","00:53:10","00:53:13","10","23"
Running,2019-11-13 08:33:09,false,"Rio de Janeiro Running","5,01","453","00:32:32","0","0","0","0","6:30","5:21","28","27","0,00","0,0","0,0","0","0","0","0,0","0","0","0,0","0,0","0","0","0","0:00","0,0","0:00","No","00:04.62.2","6","0,0","00:32:30","00:32:32","10","23"
Running,2019-11-09 08:52:49,false,"Rio de Janeiro Running","8,00","693","00:54:34","0","0","0","0","6:49","4:34","36","35","0,00","0,0","0,0","0","0","0","0,0","0","0","0,0","0,0","0","0","0","0:00","0,0","0:00","No","00:02.09.4","9","0,0","00:54:31","00:54:34","9","23"
Running,2019-10-26 07:46:27,false,"Rio de Janeiro Running","6,02","548","00:40:17","0","0","0","0","6:41","5:25","27","28","0,00","0,0","0,0","0","0","0","0,0","0","0","0,0","0,0","0","0","0","0:00","0,0","0:00","No","01:09.01","7","0,0","00:40:16","00:40:17","10","24"
Running,2019-10-09 06:51:24,false,"Natal Running","5,70","524","00:38:00","0","0","0","0","6:40","4:55","19","16","0,00","0,0","0,0","0","0","0","0,0","0","0","0,0","0,0","0","0","0","0:00","0,0","0:00","No","05:36.26.8","6","0,0","00:37:00","00:38:00","39","51"
Running,2019-10-07 17:56:53,false,"Natal Running","9,01","806","00:55:50","0","0","0","0","6:12","5:01","56","54","0,00","0,0","0,0","0","0","0","0,0","0","0","0,0","0,0","0","0","0","0:00","0,0","0:00","No","00:01.66.7","10","0,0","00:55:48","00:55:50","37","54"
Running,2019-10-02 18:05:18,false,"Natal Running","0,54","49","00:03:11,0","0","0","0","0","5:57","5:42","6","5","0,00","0,0","0,0","0","0","0","0,0","0","0","0,0","0,0","0","0","0","0:00","0,0","0:00","No","00:00.00","1","0,0","00:03:11","00:03:11,0","45","51"
Running,2019-10-02 17:39:20,false,"Natal Running","4,40","404","00:23:55","0","0","0","0","5:26","4:34","21","24","0,00","0,0","0,0","0","0","0","0,0","0","0","0,0","0,0","0","0","0","0:00","0,0","0:00","No","02:13.71.8","5","0,0","00:23:53","00:23:55","39","50"
Running,2019-09-23 18:40:12,false,"Natal Running","2,16","199","00:12:32","0","0","0","0","5:48","5:11","7","11","0,00","0,0","0,0","0","0","0","0,0","0","0","0,0","0,0","0","0","0","0:00","0,0","0:00","No","00:22.44","4","0,0","00:12:31","00:12:32","39","50"
Running,2019-09-23 18:04:12,false,"Natal Running","6,05","557","00:34:35","0","0","0","0","5:43","5:10","25","28","0,00","0,0","0,0","0","0","0","0,0","0","0","0,0","0,0","0","0","0","0:00","0,0","0:00","No","00:07.92","8","0,0","00:34:33","00:34:35","39","51"
Running,2019-09-19 16:48:37,false,"Natal Running","2,08","194","00:12:32","0","0","0","0","6:01","4:45","4","12","0,00","0,0","0,0","0","0","0","0,0","0","0","0,0","0,0","0","0","0","0:00","0,0","0:00","No","00:52.34.8","3","0,0","00:12:31","00:12:32","37","51"
Running,2019-09-17 19:08:23,false,"Natal Running","1,01","94","00:05:43,3","0","0","0","0","5:40","5:00","16","10","0,00","0,0","0,0","0","0","0","0,0","0","0","0,0","0,0","0","0","0","0:00","0,0","0:00","No","00:02.51.7","2","0,0","00:05:42,8","00:05:43,3","39","51"
Running,2019-09-17 18:26:39,false,"Natal Running","7,01","644","00:39:27","0","0","0","0","5:38","2:52","26","28","0,00","0,0","0,0","0","0","0","0,0","0","0","0,0","0,0","0","0","0","0:00","0,0","0:00","No","00:02.41.7","8","0,0","00:39:26","00:39:27","39","51"
Running,2019-09-15 17:02:10,false,"Natal Running","6,52","591","00:39:01","0","0","0","0","5:59","5:01","28","28","0,00","0,0","0,0","0","0","0","0,0","0","0","0,0","0,0","0","0","0","0:00","0,0","0:00","No","02:47.68.8","7","0,0","00:38:58","00:39:01","37","53"
Running,2019-09-12 18:49:41,false,"Natal Running","8,01","736","00:44:46","0","0","0","0","5:35","4:51","12","13","0,00","0,0","0,0","0","0","0","0,0","0","0","0,0","0,0","0","0","0","0:00","0,0","0:00","No","00:01.97.5","9","0,0","00:44:43","00:44:46","39","50"
Running,2019-09-10 18:25:32,false,"Natal Running","8,01","739","00:45:37","0","0","0","0","5:42","5:08","53","53","0,00","0,0","0,0","0","0","0","0,0","0","0","0,0","0,0","0","0","0","0:00","0,0","0:00","No","00:01.99.1","9","0,0","00:45:34","00:45:37","37","54"
Running,2019-09-05 16:29:41,false,"Macau Running","8,73","793","00:52:48","0","0","0","0","6:03","5:11","14","14","0,00","0,0","0,0","0","0","0","0,0","0","0","0,0","0,0","0","0","0","0:00","0,0","0:00","No","04:42.91.2","9","0,0","00:52:44","00:52:48","--","7"
Running,2019-09-03 16:40:46,false,"Macau Running","7,01","647","00:38:18","0","0","0","0","5:28","4:55","5","6","0,00","0,0","0,0","0","0","0","0,0","0","0","0,0","0,0","0","0","0","0:00","0,0","0:00","No","00:01.95.2","8","0,0","00:38:17","00:38:18","--","6"
Running,2019-09-02 16:33:29,false,"Macau Running","8,03","741","00:45:00","0","0","0","0","5:36","4:29","10","12","0,00","0,0","0,0","0","0","0","0,0","0","0","0,0","0,0","0","0","0","0:00","0,0","0:00","No","00:08.02.2","9","0,0","00:44:58","00:45:00","--","6"
Running,2019-08-30 18:14:47,false,"Natal Running","1,13","106","00:06:45,7","0","0","0","0","6:00","4:42","9","6","0,00","0,0","0,0","0","0","0","0,0","0","0","0,0","0,0","0","0","0","0:00","0,0","0:00","No","00:53.95.8","2","0,0","00:06:44,8","00:06:45,7","40","49"
Running,2019-08-30 17:42:21,false,"Natal Running","5,01","462","00:28:08","0","0","0","0","5:37","5:01","17","19","0,00","0,0","0,0","0","0","0","0,0","0","0","0,0","0,0","0","0","0","0:00","0,0","0:00","No","00:03.08.2","6","0,0","00:28:05","00:28:08","39","51"
Running,2019-08-29 18:44:06,false,"Natal Running","2,00","186","00:10:54","0","0","0","0","5:27","4:42","15","15","0,00","0,0","0,0","0","0","0","0,0","0","0","0,0","0,0","0","0","0","0:00","0,0","0:00","No","00:01.06.5","3","0,0","00:10:54","00:10:54","39","51"
Running,2019-08-29 18:11:15,false,"Natal Running","5,08","466","00:28:30","0","0","0","0","5:37","5:09","31","34","0,00","0,0","0,0","0","0","0","0,0","0","0","0,0","0,0","0","0","0","0:00","0,0","0:00","No","00:28.66.3","6","0,0","00:28:28","00:28:30","39","51"
Running,2019-08-26 19:57:22,false,"Natal Running","2,01","187","00:11:21","0","0","0","0","5:39","4:52","11","8","0,00","0,0","0,0","0","0","0","0,0","0","0","0,0","0,0","0","0","0","0:00","0,0","0:00","No","00:02.07.1","3","0,0","00:11:21","00:11:21","39","51"
Running,2019-08-26 19:30:35,false,"Natal Running","4,02","370","00:22:54","0","0","0","0","5:42","4:58","14","17","0,00","0,0","0,0","0","0","0","0,0","0","0","0,0","0,0","0","0","0","0:00","0,0","0:00","No","00:06.95.4","5","0,0","00:22:54","00:22:54","39","51"
Running,2019-08-23 07:42:24,false,"Natal Running","6,05","562","00:35:18","0","0","0","0","5:50","4:47","43","43","0,00","0,0","0,0","0","0","0","0,0","0","0","0,0","0,0","0","0","0","0:00","0,0","0:00","No","00:18.33.3","7","0,0","00:35:16","00:35:18","38","51"
Running,2019-08-23 07:33:47,false,"Natal Running","1,00","95","00:05:27,8","0","0","0","0","5:27","0:57","--","--","0,00","0,0","0,0","0","0","0","0,0","0","0","0,0","0,0","0","0","0","0:00","0,0","0:00","No","00:00.00","1","0,0","00:05:27,8","00:05:27,8","43","49"
Running,2019-08-21 07:58:30,false,"Natal Running","1,85","173","00:14:08","0","0","0","0","7:39","3:46","3","5","0,00","0,0","0,0","0","0","0","0,0","0","0","0,0","0,0","0","0","0","0:00","0,0","0:00","No","00:04.16.5","8","0,0","00:14:07","00:14:08","41","47"
Running,2019-08-21 07:39:19,false,"Natal Running","2,70","251","00:14:53","0","0","0","0","5:30","3:38","28","27","0,00","0,0","0,0","0","0","0","0,0","0","0","0,0","0,0","0","0","0","0:00","0,0","0:00","No","00:01.72","7","0,0","00:14:44","00:17:56","39","51"
Running,2019-08-19 17:31:38,false,"Natal Running","6,23","578","00:36:02","0","0","0","0","5:47","4:58","26","32","0,00","0,0","0,0","0","0","0","0,0","0","0","0,0","0,0","0","0","0","0:00","0,0","0:00","No","01:32.26.5","7","0,0","00:36:00","00:36:02","38","51"
Running,2019-08-14 17:31:01,false,"Natal Running","4,49","419","00:26:48","0","0","0","0","5:58","4:52","32","34","0,00","0,0","0,0","0","0","0","0,0","0","0","0,0","0,0","0","0","0","0:00","0,0","0:00","No","03:07.61","5","0,0","00:26:47","00:26:48","37","53"
Running,2019-08-11 16:31:58,false,"Natal Running","9,02","836","00:52:56","0","0","0","0","5:52","4:53","18","14","0,00","0,0","0,0","0","0","0","0,0","0","0","0,0","0,0","0","0","0","0:00","0,0","0:00","No","00:08.53.8","10","0,0","00:52:52","00:52:56","37","51"
Running,2019-08-09 18:54:06,false,"Natal Running","7,27","676","00:42:46","0","0","0","0","5:53","3:44","39","43","0,00","0,0","0,0","0","0","0","0,0","0","0","0,0","0,0","0","0","0","0:00","0,0","0:00","No","01:49.69.9","8","0,0","00:42:42","00:42:46","37","53"
Running,2019-08-07 07:16:36,false,"Tiros","5,11","474","00:38:44","0","0","0","0","7:35","3:38","12","13","0,00","0,0","0,0","0","0","0","0,0","0","0","0,0","0,0","0","0","0","0:00","0,0","0:00","No","00:00.88.5","16","0,0","00:36:44","00:38:45","38","51"
Running,2019-08-05 17:45:05,false,"Natal Running","7,26","676","00:45:26","0","0","0","0","6:15","5:13","42","45","0,00","0,0","0,0","0","0","0","0,0","0","0","0,0","0,0","0","0","0","0:00","0,0","0:00","No","00:28.64.6","11","0,0","00:44:32","00:45:26","37","53"
Running,2019-07-31 17:36:14,false,"Tiros","4,54","418","00:32:40","0","0","0","0","7:12","3:32","19","21","0,00","0,0","0,0","0","0","0","0,0","0","0","0,0","0,0","0","0","0","0:00","0,0","0:00","No","00:01.16.4","15","0,0","00:32:38","00:32:41","39","51"
Running,2019-07-29 18:00:28,false,"Natal Running","7,03","654","00:42:07","0","0","0","0","6:00","4:16","35","37","0,00","0,0","0,0","0","0","0","0,0","0","0","0,0","0,0","0","0","0","0:00","0,0","0:00","No","00:22.98.1","8","0,0","00:42:05","00:42:10","38","52"
Running,2019-07-24 19:02:39,false,"Natal Running","7,48","699","00:44:34","0","0","0","0","5:58","4:57","49","49","0,00","0,0","0,0","0","0","0","0,0","0","0","0,0","0,0","0","0","0","0:00","0,0","0:00","No","03:48.48.8","8","0,0","00:44:32","00:44:34","37","53"
Running,2019-07-22 18:45:04,false,"Natal Running","5,17","483","00:29:53","0","0","0","0","5:47","2:19","31","32","0,00","0,0","0,0","0","0","0","0,0","0","0","0,0","0,0","0","0","0","0:00","0,0","0:00","No","01:16.21.4","6","0,0","00:29:51","00:29:53","38","51"
Running,2019-07-21 07:29:10,false,"Tiros","4,24","396","00:30:26","0","0","0","0","7:11","3:54","12","14","0,00","0,0","0,0","0","0","0","0,0","0","0","0,0","0,0","0","0","0","0:00","0,0","0:00","No","00:15.32.4","13","0,0","00:29:43","00:30:28","38","51"
Running,2019-07-18 17:10:59,false,"Natal Running","7,35","685","00:44:06","0","0","0","0","6:00","3:20","50","51","0,00","0,0","0,0","0","0","0","0,0","0","0","0,0","0,0","0","0","0","0:00","0,0","0:00","No","03:29.96.8","8","0,0","00:44:03","00:44:13","39","53"
Running,2019-07-16 19:59:29,false,"29Âº Corrida da Lua","10,23","950","01:05:30","0","0","0","0","6:24","4:52","102","99","0,00","0,0","0,0","0","0","0","0,0","0","0","0,0","0,0","0","0","0","0:00","0,0","0:00","No","01:37.58","11","0,0","01:04:51","01:05:32","23","51"
Running,2019-07-10 17:18:14,false,"Natal Running","8,23","717","00:55:04","0","0","0","0","6:41","4:36","47","48","0,00","0,0","0,0","0","0","0","0,0","0","0","0,0","0,0","0","0","0","0:00","0,0","0:00","No","01:33.61.4","9","0,0","00:54:30","00:55:04","39","55"
Running,2019-07-08 17:05:12,false,"Natal Running","10,01","937","01:03:51","0","0","0","0","6:23","3:35","68","69","0,00","0,0","0,0","0","0","0","0,0","0","0","0,0","0,0","0","0","0","0:00","0,0","0:00","No","00:02.75.5","11","0,0","01:02:38","01:03:51","37","53"
Running,2019-07-04 16:54:27,false,"Macau Running","8,00","742","00:45:35","0","0","0","0","5:42","4:35","11","15","0,00","0,0","0,0","0","0","0","0,0","0","0","0,0","0,0","0","0","0","0:00","0,0","0:00","No","00:01.04.7","9","0,0","00:45:20","00:45:35","--","6"
Running,2019-07-03 16:34:45,false,"Macau Running","6,86","606","00:43:38","0","0","0","0","6:22","2:53","10","16","0,00","0,0","0,0","0","0","0","0,0","0","0","0,0","0,0","0","0","0","0:00","0,0","0:00","No","05:02.39.4","7","0,0","00:43:11","00:43:38","--","7"
Running,2019-07-01 18:13:04,false,"Natal Running","5,27","488","00:30:07","0","0","0","0","5:43","2:58","14","16","0,00","0,0","0,0","0","0","0","0,0","0","0","0,0","0,0","0","0","0","0:00","0,0","0:00","No","01:46.61.2","6","0,0","00:29:52","00:30:09","38","53"
Running,2019-06-24 17:06:25,false,"Natal Running","8,01","737","00:45:45","0","0","0","0","5:43","5:05","31","32","0,00","0,0","0,0","0","0","0","0,0","0","0","0,0","0,0","0","0","0","0:00","0,0","0:00","No","00:02.41.8","9","0,0","00:45:20","00:45:47","37","53"
Running,2019-06-21 18:38:46,false,"Natal Running","6,38","590","00:36:05","0","0","0","0","5:39","4:49","35","36","0,00","0,0","0,0","0","0","0","0,0","0","0","0,0","0,0","0","0","0","0:00","0,0","0:00","No","02:14.19.9","7","0,0","00:35:39","00:36:17","37","53"
Running,2019-06-19 19:59:34,false,"Natal Running","8,00","746","00:48:48","0","0","0","0","6:06","5:16","46","47","0,00","0,0","0,0","0","0","0","0,0","0","0","0,0","0,0","0","0","0","0:00","0,0","0:00","No","00:01.11.3","9","0,0","00:48:28","00:48:48","38","51"
Running,2019-06-17 20:02:05,false,"Natal Running","8,01","728","00:49:15","0","0","0","0","6:09","4:05","40","40","0,00","0,0","0,0","0","0","0","0,0","0","0","0,0","0,0","0","0","0","0:00","0,0","0:00","No","00:02.71.7","9","0,0","00:48:47","00:49:15","38","51"
Running,2019-06-14 16:22:40,false,"Natal Running","9,01","813","00:55:55","0","0","0","0","6:12","5:02","44","45","0,00","0,0","0,0","0","0","0","0,0","0","0","0,0","0,0","0","0","0","0:00","0,0","0:00","No","00:04.10.5","10","0,0","00:55:03","00:55:55","38","51"
Running,2019-06-11 18:52:00,false,"Natal Running","5,01","465","00:28:48","0","0","0","0","5:45","4:20","30","31","0,00","0,0","0,0","0","0","0","0,0","0","0","0,0","0,0","0","0","0","0:00","0,0","0:00","No","00:02.58.7","6","0,0","00:28:24","00:28:48","38","51"
